company_id,company,year,report_period,indicator_id,indicator_name,indicator_standard_name,indicator_value,unit,business_scope,business_type,source_file,source_page,source_chunk_id,source_text,extraction_time,confidence_score,review_status
,人保,2025,2025Q4,F001,净利润,净利润,40307,百万元,人保财险（财产保险业务）,,中国人保_2025_Q4_A股_chunks.json,,人保_2025_q4_a_005,"2025年，人保财险实现保险服务收入5,115.94亿元，同比增长5.4%；实现承保利润124.43亿元，同比增长75.6%；综合成本率97.6%，同比下降0.9个百分点；综合赔付率74.0%，同比上升1.3个百分点；综合费用率23.6%，同比下降2.2个百分点；实现净利润403.07亿元，同比增长21.4%。",2026-08-11,95,待审核
,人保,2025,2025Q4,F002,承保利润,承保利润,12443,百万元,财产保险业务（人保财险）,,中国人保_2025_Q4_A股_chunks.json,,人保_2025_q4_a_005,"2025年，人保财险实现保险服务收入5,115.94亿元，同比增长5.4%；实现承保利润124.43亿元，同比增长75.6%；综合成本率97.6%，同比下降0.9个百分点；综合赔付率74.0%，同比上升1.3个百分点；综合费用率23.6%，同比下降2.2个百分点；实现净利润403.07亿元，同比增长21.4%。",2026-08-11,100,待审核
,人保,2025,2025Q4,F003,保险服务收入,保险服务收入,511594,百万元,人保财险（财产保险业务）,,中国人保_2025_Q4_A股_chunks.json,,,"2025年，人保财险实现保险服务收入5,115.94亿元，同比增长5.4%（正文）；表格列示保险服务收入511,594百万元。",2026-08-11,95,待审核
,人保,2025,2025Q4,F004,保险服务费用,保险服务费用,486254,百万元,财产保险业务（人保财险）,,中国人保_2025_Q4_A股_chunks.json,,,"2025年，人保财险实现保险服务收入5,115.94亿元...下表列明报告期内人保财险的承保利润情况：...减：保险服务费用 486,254（单位：百万元）",2026-08-11,95,待审核
,人保,2025,2025Q4,F005,投资收益,投资收益,92323,百万元,集团,,中国人保_2025_Q4_A股_chunks.json,,,"2025年，本集团总投资收益923.23亿元，同比增长12.4%（候选2）；实现总投资收益923.23亿元，同比增长12.4%（候选5）。923.23亿元×100=92,323百万元。",2026-08-11,95,待审核
,人保,2025,2025Q4,F006,综合成本率,综合成本率,97.6,%,人保财险（财产保险业务）,,中国人保_2025_Q4_A股_chunks.json,,,"2025年，人保财险实现保险服务收入5,115.94亿元，同比增长5.4%；实现承保利润124.43亿元，同比增长75.6%；综合成本率97.6%，同比下降0.9个百分点；综合赔付率74.0%，同比上升1.3个百分点；综合费用率23.6%，同比下降2.2个百分点。",2026-08-11,0.98,待审核
,人保,2025,2025Q4,F007,综合赔付率,综合赔付率,74.0,%,人保财险（财产保险业务）,,中国人保_2025_Q4_A股_chunks.json,,,"2025年，人保财险实现保险服务收入5,115.94亿元，同比增长5.4%；实现承保利润124.43亿元，同比增长75.6%；综合成本率97.6%，同比下降0.9个百分点；综合赔付率74.0%，同比上升1.3个百分点；综合费用率23.6%，同比下降2.2个百分点。",2026-08-11,0.95,待审核
,人保,2025,2025Q4,F008,综合费用率,综合费用率,23.6,%,人保财险（财产保险业务）,,中国人保_2025_Q4_A股_chunks.json,,,"2025年，人保财险实现保险服务收入5,115.94亿元，同比增长5.4%；实现承保利润124.43亿元，同比增长75.6%；综合成本率97.6%，同比下降0.9个百分点；综合赔付率74.0%，同比上升1.3个百分点；综合费用率23.6%，同比下降2.2个百分点。",2026-08-11,0.95,待审核
,人保,2025,2025Q4,F009,车险综合成本率,车险综合成本率,95.3,%,机动车辆险,车险,中国人保_2025_Q4_A股_chunks.json,,人保_2025_q4_a_006,机动车辆险业务综合成本率95.3%，同比下降1.5个百分点,2026-08-11,0.95,待审核
,人保,2025,2025Q4,B001,原保险保费收入,原保险保费收入,555777,百万元,财产保险业务（人保财险）,,中国人保_2025_Q4_A股_chunks.json,,,"下表列明报告期内人保财险按险种列示的原保险保费收入：单位：百万元。表格中合计为555,777百万元。",2026-08-11,95,待审核
,人保,2025,2025Q4,B002,车险保费收入,车险保费收入,305745,百万元,人保财险（财产保险业务）,车险,中国人保_2025_Q4_A股_chunks.json,,,"候选2表格：机动车辆险2025年原保险保费收入305,745百万元",2026-08-11,95,待审核
,人保,2025,2025Q4,B003,非车险保费收入,非车险保费收入,250032,百万元,人保财险（财产保险业务）,非车险,中国人保_2025_Q4_A股_chunks.json,,,"根据候选3中表格（table_005）计算：非车险保费收入 = 合计原保险保费收入 - 机动车辆险保费收入 = 555,777 - 305,745 = 250,032 百万元。",2026-08-11,0.95,待审核
,人保,2025,2025Q4,B005,农业保险保费,农业保险保费,55947,百万元,人保财险（财产保险业务）,农业险,中国人保_2025_Q4_A股_chunks.json,,,"候选2表格：农险2025年原保险保费收入55,947百万元。",2026-08-11,95,待审核
,人保,2025,2025Q4,B006,健康险保费,健康险保费,107585,百万元,财产保险业务（人保财险）,健康险,中国人保_2025_Q4_A股_chunks.json,,,"候选4：人保财险按险种列示的原保险保费收入表中，'意外伤害及健康险'2025年金额为107,585百万元。该指标为财产险公司健康险保费，对应'意外伤害及健康险'中的健康险部分，但报告未单独拆分健康险，故以'意外伤害及健康险'整体作为健康险保费口径。",2026-08-11,0.75,待审核
,人保,2025,2025Q4,B007,车险业务占比,车险业务占比,55.0,%,财产保险业务（人保财险）,车险,中国人保_2025_Q4_A股_chunks.json,,,"2025年，人保财险实现原保险保费收入5,557.77亿元，非车险业务占比45.0%，同比提升0.3个百分点。车险业务占比=1-非车险业务占比=1-45.0%=55.0%。",2026-08-11,0.95,待审核
,人保,2025,2025Q4,B008,非车险业务占比,非车险业务占比,45.0,%,财产保险业务（人保财险）,非车险,中国人保_2025_Q4_A股_chunks.json,,,"2025年，实现原保险保费收入5,557.77亿元，同比增长3.3%，市场份额31.6%，保险服务收入5,115.94亿元，同比增长5.4%，保持行业领先地位。在服务大局中优化发展布局和业务结构，车险业务保费收入突破3,000亿元，市场份额保持基本稳定；非车险业务占比45.0%，同比提升0.3个百分点。",2026-08-11,0.95,待审核
,人保,2025,2025Q4,B009,市场份额,市场份额,31.6,%,财产保险,,中国人保_2025_Q4_A股_chunks.json,,人保_2025_q4_a_002,"人保财险坚持以客户为中心，优化经营管理体系，有力塑造发展优势。2025年，实现原保险保费收入5,557.77亿元，同比增长3.3%，市场份额31.6%，保险服务收入5,115.94亿元，同比增长5.4%，保持行业领先地位。",2026-08-11,95,待审核
,人保,2025,2025Q4,B010,保费增长率,保费增长率,3.3,%,财产保险（人保财险）,,中国人保_2025_Q4_A股_chunks.json,,人保_2025_q4_a_002,"人保财险坚持以客户为中心，优化经营管理体系，有力塑造发展优势。2025年，实现原保险保费收入5,557.77亿元，同比增长3.3%，市场份额31.6%，保险服务收入5,115.94亿元，同比增长5.4%，保持行业领先地位。",2026-08-11,0.95,待审核
,人保,2025,2025Q4,B011,车险保险服务收入,车险保险服务收入,305335,百万元,机动车辆险业务,车险,中国人保_2025_Q4_A股_chunks.json,,人保_2025_q4_a_006,"机动车辆险业务实现保险服务收入3,053.35亿元，同比增长3.6%。",2026-08-11,95,待审核
,人保,2025,2025Q4,B012,非车保险服务收入,非车保险服务收入,206259,百万元,人保财险（财产保险业务）,非车险,中国人保_2025_Q4_A股_chunks.json,,,"根据候选1中table_004（人保财险各险种经营信息），保险服务收入合计为511,594百万元，其中机动车辆险保险服务收入为305,335百万元。非车保险服务收入=合计-机动车辆险=511,594-305,335=206,259百万元。",2026-08-11,90,待审核
,人保,2025,2025Q4,R001,核心偿付能力充足率,核心偿付能力充足率,213.4,%,人保财险,,中国人保_2025_Q4_A股_chunks.json,,,2025年12月31日偿付能力表格：核心偿付能力充足率(%) 人保财险 213.4,2026-08-11,95,待审核
,人保,2025,2025Q4,R002,综合偿付能力充足率,综合偿付能力充足率,232.4,%,人保财险（财产保险）,,中国人保_2025_Q4_A股_chunks.json,,,2025年12月31日偿付能力表：人保财险综合偿付能力充足率(%)为232.4,2026-08-11,95,待审核
,人保,2025,2025Q4,R003,风险综合评级,风险综合评级,AA,评级,人保再保,,中国人保_2025_Q4_A股_chunks.json,,人保_2025_q4_a_016,维持AA类风险综合评级，保持行业领先水平。,2026-08-11,0.9,待审核
,人保,2025,2025Q4,A001,总资产,总资产,860596,百万元,财产保险（人保财险）,,中国人保_2025_Q4_A股_chunks.json,,,"人保财险 | 各种财产保险、意外伤害险和短期健康险，以及相关的再保险业务 | 22,242 | 68.98% | 860,596 | 288,442 | 40,307",2026-08-11,95,待审核
,人保,2025,2025Q4,A002,投资资产,投资资产,1901634,百万元,集团,,中国人保_2025_Q4_A股_chunks.json,,,"表格1 (table_026)中'投资资产'项目，2025年12月31日金额为1,901,634百万元。",2026-08-11,100,待审核
,人保,2025,2025Q4,A003,保险合同负债,保险合同负债,406093,百万元,财产保险业务（人保财险）,,中国人保_2025_Q4_A股_chunks.json,,,"候选1表格2（table_008）：保险合同负债(资产) 2025年12月31日 406,093 百万元",2026-08-11,0.95,待审核
,人保,2025,2025Q4,A004,未决赔款准备金,未决赔款准备金,218378,百万元,财产保险业务（人保财险）,,中国人保_2025_Q4_A股_chunks.json,,,"候选1中表格2（table_008）列示人保财险采用保费分配法计量的保险合同负债情况，其中'已发生赔款负债'2025年12月31日为218,378百万元。该指标与未决赔款准备金含义一致。",2026-08-11,95,待审核
,人保,2025,2025Q4,A005,未到期责任准备金,未到期责任准备金,187715,百万元,人保财险（财产保险业务）,,中国人保_2025_Q4_A股_chunks.json,,,"候选1表格2（table_008）：未到期责任负债 2025年12月31日 187,715 百万元",2026-08-11,0.95,待审核
,太保,2024,2024Q3,F001,净利润,净利润,4792,百万元,太保产险（财产保险业务）,,中国太保_2024_Q2_A股_chunks.json,,taibao_2024_q3_a_026,2024年上半年太保产险实现净利润47.92亿元，同比增长18.6%。,2026-08-11,95,待审核
,太保,2024,2024Q3,F002,承保利润,承保利润,2712,百万元,太保产险（财产保险业务，不含太平洋安信农险）,,中国太保_2024_Q2_A股_chunks.json,,,"表格5 (table_022)中，截至2024年6月30日止6个月，承保利润为2,712百万元。",2026-08-11,95,待审核
,太保,2024,2024Q3,F003,保险服务收入,保险服务收入,93076,百万元,太保产险（财产保险业务，不含太平洋安信农险）,,中国太保_2024_Q2_A股_chunks.json,,,2024年上半年，太保产险实现保险服务收入930.76亿元，同比增长4.2%。,2026-08-11,95,待审核
,太保,2024,2024Q3,F004,保险服务费用,保险服务费用,88119,百万元,太保产险（财产保险业务，不含太平洋安信农险）,,中国太保_2024_Q2_A股_chunks.json,,taibao_2024_q3_a_026,保险服务费用。2024 年上半年保险服务费用 881.19 亿元，同比增长3.0%，主要因业务规模增长带来赔付、费用的增长。其中机动车辆保险服务费用 498.84 亿元，同比增长 3.4%，非机动车辆保险服务费用382.35亿元，同比增长2.4%。,2026-08-11,95,待审核
,太保,2024,2024Q3,F005,投资收益,投资收益,,百万元,,,中国太保_2024_Q2_A股_chunks.json,,,,2026-08-11,0,待审核
,太保,2024,2024Q3,F006,综合成本率,综合成本率,97.1,%,太保产险（单体）,,中国太保_2024_Q2_A股_chunks.json,,,"2024年上半年，太保产险实现原保险保费收入1,118.03亿元，同比增长7.8%，实现保险服务收入930.76亿元，同比增长4.2%。承保综合成本率97.1%，同比下降0.8个百分点。",2026-08-11,95,待审核
,太保,2024,2024Q3,F007,综合赔付率,综合赔付率,69.7,%,财产保险业务（太保产险）,,中国太保_2024_Q2_A股_chunks.json,,taibao_2024_q3_a_023,承保综合成本率 97.1%，同比下降 0.8 个百分点。其中，承保综合赔付率 69.7%，同比下降 0.8 个百分点；承保综合费用率27.4%，同比持平；,2026-08-11,95,待审核
,太保,2024,2024Q3,F008,综合费用率,综合费用率,27.4,%,财产保险业务（太保产险）,,中国太保_2024_Q2_A股_chunks.json,,taibao_2024_q3_a_023,承保综合成本率 97.1%，同比下降 0.8 个百分点。其中，承保综合赔付率 69.7%，同比下降 0.8 个百分点；承保综合费用率27.4%，同比持平；,2026-08-11,95,待审核
,太保,2024,2024Q3,F009,车险综合成本率,车险综合成本率,97.1,%,太保产险（机动车辆险）,车险,中国太保_2024_Q2_A股_chunks.json,,,2024年上半年，车险原保险保费收入521.67亿元，同比增长2.8%，其中新能源车险保费同比增长41.7%；承保综合成本率97.1%，同比下降0.9个百分点。,2026-08-11,95,待审核
,太保,2024,2024Q3,F010,非车险综合成本率,非车险综合成本率,97.2,%,太保产险非机动车辆险（非车险）,非车险,中国太保_2024_Q2_A股_chunks.json,,taibao_2024_q3_a_026,2024年上半年，非车险原保险保费收入596.36亿元，同比增长12.7%；承保综合成本率97.2%，同比下降0.7个百分点。,2026-08-11,95,待审核
,太保,2024,2024Q3,B001,原保险保费收入,原保险保费收入,113203,百万元,财产保险业务（太保产险及太平洋安信农险，不含太保香港）,,中国太保_2024_Q2_A股_chunks.json,,,"财产险业务承保盈利水平同比提升，保费收入持续增长：原保险保费收入1,132.03亿元，同比增长7.8%。其中，非车险保费收入同比增长12.5%，占比达53.9%，上升2.3个百分点。",2026-08-11,90,待审核
,太保,2024,2024Q3,B002,车险保费收入,车险保费收入,52167,百万元,太保产险（不含太平洋安信农险）,车险,中国太保_2024_Q2_A股_chunks.json,,,"2024年上半年，车险原保险保费收入521.67亿元，同比增长2.8%（候选1正文）；表格1中机动车辆险原保险保费收入为52,167百万元。",2026-08-11,0.95,待审核
,太保,2024,2024Q3,B003,非车险保费收入,非车险保费收入,610.36,百万元,太保产险（不含太平洋安信农险）,非车险,中国太保_2024_Q2_A股_chunks.json,,,"候选4：原保险保费收入1,132.03亿元，同比增长7.8%。其中，非车险保费收入同比增长12.5%，占比达53.9%，上升2.3个百分点。计算：1,132.03亿元 × 53.9% = 610.36亿元 = 61,036百万元。",2026-08-11,0.85,待审核
,太保,2024,2024Q3,B005,农业保险保费,农业保险保费,13650,百万元,太保产险（不含太平洋安信农险）,农业险,中国太保_2024_Q2_A股_chunks.json,,,"2024年上半年，太保产险农业险原保险保费收入136.50亿元，同比增长9.8%。按1亿元=100百万元换算，为13,650百万元。",2026-08-11,95,待审核
,太保,2024,2024Q3,B006,健康险保费,健康险保费,16132,百万元,太保产险（财产保险业务）,健康险,中国太保_2024_Q2_A股_chunks.json,,,2024年上半年，太保产险健康险原保险保费收入161.32亿元，同比增长21.4%（候选1正文及表格）。,2026-08-11,95,待审核
,太保,2024,2024Q3,B007,车险业务占比,车险业务占比,46.1,%,财产险业务（原保险保费收入口径）,车险,中国太保_2024_Q2_A股_chunks.json,,,"原保险保费收入1,132.03亿元，同比增长7.8%。其中，非车险保费收入同比增长12.5%，占比达53.9%，上升2.3个百分点。车险占比=100%-非车险占比=100%-53.9%=46.1%。",2026-08-11,0.95,待审核
,太保,2024,2024Q3,B008,非车险业务占比,非车险业务占比,53.9,%,财产险业务（原保险保费收入口径）,非车险,中国太保_2024_Q2_A股_chunks.json,,taibao_2024_q3_a_023,"原保险保费收入1,132.03亿元，同比增长7.8%。其中，非车险保费收入同比增长12.5%，占比达53.9%，上升2.3个百分点",2026-08-11,0.95,待审核
,太保,2024,2024Q3,B009,市场份额,市场份额,,%,,,中国太保_2024_Q2_A股_chunks.json,,,,2026-08-11,0,待审核
,太保,2024,2024Q3,B010,保费增长率,保费增长率,7.8,%,太保产险（不含太平洋安信农险）,,中国太保_2024_Q2_A股_chunks.json,,taibao_2024_q3_a_026,"2024年上半年，太保产险实现原保险保费收入1,118.03亿元，同比增长7.8%",2026-08-11,95,待审核
,太保,2024,2024Q3,B011,车险保险服务收入,车险保险服务收入,52361,百万元,太保产险（不含太平洋安信农险）,车险,中国太保_2024_Q2_A股_chunks.json,,taibao_2024_q3_a_026,2024年上半年保险服务收入930.76亿元，同比增长4.2%，主要因整体业务规模增长等影响。其中机动车辆保险服务收入523.61亿元，同比增长4.9%，非机动车辆保险服务收入407.15亿元，同比增长3.3%。,2026-08-11,95,待审核
,太保,2024,2024Q3,B012,非车保险服务收入,非车保险服务收入,40715,百万元,太保产险（不含太平洋安信农险）,非车险,中国太保_2024_Q2_A股_chunks.json,,taibao_2024_q3_a_026,2024年上半年保险服务收入930.76亿元，同比增长4.2%，主要因整体业务规模增长等影响。其中机动车辆保险服务收入523.61亿元，同比增长4.9%，非机动车辆保险服务收入407.15亿元，同比增长3.3%。,2026-08-11,95,待审核
,太保,2024,2024Q3,R001,核心偿付能力充足率,核心偿付能力充足率,173,%,财产保险（太保产险）,,中国太保_2024_Q2_A股_chunks.json,,,太保产险核心偿付能力充足率(%)：173（2024年6月30日）,2026-08-11,95,待审核
,太保,2024,2024Q3,R002,综合偿付能力充足率,综合偿付能力充足率,220,%,太保产险,,中国太保_2024_Q2_A股_chunks.json,,,候选3表格1（table_029）中太保产险综合偿付能力充足率：2024年6月30日为220。,2026-08-11,95,待审核
,太保,2024,2024Q3,A001,总资产,总资产,226593,百万元,财产保险业务（太保产险单体）,,中国太保_2024_Q2_A股_chunks.json,,,"候选3表格3（table_031）中，中国太平洋财产保险股份有限公司的总资产为226,593百万元。",2026-08-11,0.95,待审核
,太保,2024,2024Q3,A002,投资资产,投资资产,2456027,百万元,集团,,中国太保_2024_Q2_A股_chunks.json,,,"截至2024年6月末，集团投资资产24,560.27亿元，较上年末增长9.2%（候选5，章节5资产管理业务）。",2026-08-11,95,待审核
,太保,2024,2024Q3,A003,保险合同负债,保险合同负债,130781,百万元,财产保险分部（太保产险、太平洋安信农险和太保香港）,,中国太保_2024_Q2_A股_chunks.json,,,"中期财务报表附注-分部报告：财产保险分部保险合同负债为130,781百万元（2024年6月30日）。",2026-08-11,90,待审核
,太保,2024,2024Q3,A004,未决赔款准备金,未决赔款准备金,104438,百万元,集团合并（财产险及短期人身险相关保险合同负债）,,中国太保_2024_Q2_A股_chunks.json,,,"候选3表格1：已发生赔款负债 2024年6月30日为104,438（人民币百万元）。该指标对应未决赔款准备金。",2026-08-11,0.9,待审核
,太保,2024,2024Q3,A005,未到期责任准备金,未到期责任准备金,1973007,百万元,集团合并,,中国太保_2024_Q2_A股_chunks.json,,,"中期财务报表附注15.保险合同负债/(资产)：未到期责任负债2024年6月30日为1,973,007百万元。",2026-08-11,0.9,待审核
,平安,2024,2024Q4,F001,净利润,净利润,15021,百万元,财产保险业务,,中国平安_2024_Q4_A股_chunks.json,,,"财产保险业务利源分析表格：净利润 15,021 百万元（2024年）",2026-08-11,95,待审核
,平安,2024,2024Q4,F002,承保利润,承保利润,5463,百万元,财产保险业务,,中国平安_2024_Q4_A股_chunks.json,,,"业绩综述财产保险业务，财产保险业务利源分析表格：承保利润 5,463 百万元（2024年）",2026-08-11,95,待审核
,平安,2024,2024Q4,F003,保险服务收入,保险服务收入,328146,百万元,财产保险业务,,中国平安_2024_Q4_A股_chunks.json,,,"业绩综述财产保险业务表格：保险服务收入 328,146 (人民币百万元)",2026-08-11,0.98,待审核
,平安,2024,2024Q4,F004,保险服务费用,保险服务费用,314356,百万元,财产保险业务,,中国平安_2024_Q4_A股_chunks.json,,,"业绩综述财产保险业务利源分析表格：保险服务费用(314,356)百万元",2026-08-11,0.95,待审核
,平安,2024,2024Q4,F005,投资收益,投资收益,16125,百万元,财产保险业务,,中国平安_2024_Q4_A股_chunks.json,,,"财产保险业务利源分析表中，总投资收益(3)为16,125百万元。注(3)说明：总投资收益包括非银行业务利息收入、投资收益、公允价值变动损益、其他业务收入中的投资性房地产租金收入、投资资产减值损失、卖出回购金融资产款及拆入资金利息支出。",2026-08-11,90,待审核
,平安,2024,2024Q4,F006,综合成本率,综合成本率,98.3,%,财产保险业务（整体）,,中国平安_2024_Q4_A股_chunks.json,,,候选1表格：综合成本率(%) 98.3；候选2表格2：综合成本率(1)(%) 98.3；候选3正文：平安产险整体综合成本率98.3%；候选4标题：98.3%整体综合成本率,2026-08-11,1,待审核
,平安,2024,2024Q4,F007,综合赔付率,综合赔付率,71.0,%,财产保险业务,,中国平安_2024_Q4_A股_chunks.json,,,表格2 (table_024): 财厂保险业务天键指标 (人民币百万元) | 2024年 | 2023年 | 变动(%) | ... | 综合赔付率(3)(%) | 71.0 | 71.5 | 下降0.5个百分点,2026-08-11,95,待审核
,平安,2024,2024Q4,F008,综合费用率,综合费用率,27.3,%,财产保险业务,,中国平安_2024_Q4_A股_chunks.json,,,财厂保险业务天键指标 (人民币百万元) | 2024年 | 2023年 | 变动(%) | ... 综合成本率(1)(%) 98.3 100.7 下降2.3个百分点 其中：综合费用率(2)(%) 27.3 29.2 下降1.9个百分点,2026-08-11,95,待审核
,平安,2024,2024Q4,F009,车险综合成本率,车险综合成本率,98.1,%,车险,车险,中国平安_2024_Q4_A股_chunks.json,,,表格1 (table_023)中，车险行对应的综合成本率为98.1%。,2026-08-11,95,待审核
,平安,2024,2024Q4,B001,原保险保费收入,原保险保费收入,321821,百万元,财产保险业务,,中国平安_2024_Q4_A股_chunks.json,,,"本公司财产保险业务保费收入按渠道分析如下...合计321,821（人民币百万元）",2026-08-11,90,待审核
,平安,2024,2024Q4,B002,车险保费收入,车险保费收入,223301,百万元,财产保险业务（原保险保费收入口径）,车险,中国平安_2024_Q4_A股_chunks.json,,,"表格1 (table_023)中，车险原保险保费收入为223,301（人民币百万元）。",2026-08-11,95,待审核
,平安,2024,2024Q4,B003,非车险保费收入,非车险保费收入,98520,百万元,财产保险业务（平安产险）,非车险,中国平安_2024_Q4_A股_chunks.json,,,"根据候选2中表格2（table_029）按险种分析的原保险保费收入数据，非车险保费收入=总原保险保费收入-车险原保险保费收入=321,821-223,301=98,520百万元。",2026-08-11,95,待审核
,平安,2024,2024Q4,B005,农业保险保费,农业保险保费,10720,百万元,财产保险业务,农业险,中国平安_2024_Q4_A股_chunks.json,,,"候选1表格1（table_023）中，农业保险原保险保费收入为10,720百万元；候选2表格2（table_029）中，农业保险原保险保费收入为10,720百万元。",2026-08-11,1,待审核
,平安,2024,2024Q4,B006,健康险保费,健康险保费,18328,百万元,财产保险业务,健康险,中国平安_2024_Q4_A股_chunks.json,,,"表格table_023中，健康保险原保险保费收入为18,328百万元。",2026-08-11,0.95,待审核
,平安,2024,2024Q4,B012,非车保险服务收入,非车保险服务收入,108120,百万元,财产保险业务-非机动车辆保险,非车险,中国平安_2024_Q4_A股_chunks.json,,,"表格2 (table_024): 财厂保险业务天键指标 (人民币百万元) 2024年 保险服务收入 328,146 其中：车险 220,026 非机动车辆保险 108,120",2026-08-11,0.95,待审核
,平安,2024,2024Q4,R001,核心偿付能力充足率,核心偿付能力充足率,171.3,%,财产保险（平安产险）,,中国平安_2024_Q4_A股_chunks.json,,,截至2024年12月31日，平安产险的核心偿付能力充足率、综合偿付能力充足率均高于监管要求。表格中披露：核心偿付能力充足率(%) 2024年12月31日为171.3。,2026-08-11,95,待审核
,平安,2024,2024Q4,R002,综合偿付能力充足率,综合偿付能力充足率,205.3,%,财产保险,,中国平安_2024_Q4_A股_chunks.json,,,截至2024年12月31日，平安产险的综合偿付能力充足率为205.3%（表格中2024年12月31日列）。,2026-08-11,95,待审核
,平安,2024,2024Q4,A001,总资产,总资产,135854,百万元,财产保险业务,,中国平安_2024_Q4_A股_chunks.json,,,"表格4 (table_006): (人民币百万元) 2024年12月31日 财产保险业务 135,854",2026-08-11,95,待审核
,平安,2024,2024Q4,A002,投资资产,投资资产,5731409,百万元,集团合并口径（含寿险及健康险、财产保险等）,,中国平安_2024_Q4_A股_chunks.json,,,"候选3，另类投资章节，表格table_033：投资资产合计5,731,409百万元（2024年12月31日）。",2026-08-11,95,待审核
,平安,2024,2024Q4,A003,保险合同负债,保险合同负债,282048,百万元,财产保险业务,,中国平安_2024_Q4_A股_chunks.json,,,"表格2 (table_032): (人民币百万元) 2024年12月31日 保险合同负债 282,048",2026-08-11,0.95,待审核
,平安,2025,2025Q2,F001,净利润,净利润,10056,百万元,财产保险业务,,中国平安_2025_Q2_A股_chunks.json,,,"财产保险业务利源分析表格中，2025年净利润为10,056百万元。",2026-08-11,95,待审核
,平安,2025,2025Q2,F002,承保利润,承保利润,7978,百万元,财产保险业务,,中国平安_2025_Q2_A股_chunks.json,,,"财产保险业务利源分析表格：截至2025年6月30日止6个月，承保利润为7,978百万元。",2026-08-11,95,待审核
,平安,2025,2025Q2,F003,保险服务收入,保险服务收入,165661,百万元,财产保险业务,,中国平安_2025_Q2_A股_chunks.json,,,"业绩综述财产保险业务：保险服务收入165,661百万元（2025年上半年）",2026-08-11,95,待审核
,平安,2025,2025Q2,F004,保险服务费用,保险服务费用,153186,百万元,财产保险,,中国平安_2025_Q2_A股_chunks.json,,,"业绩综述财产保险业务-财产保险业务利源分析：保险服务费用(153,186)（截至2025年6月30日止6个月）",2026-08-11,95,待审核
,平安,2025,2025Q2,F005,投资收益,投资收益,3859,百万元,财产保险业务,,中国平安_2025_Q2_A股_chunks.json,,,"候选4（中期简要财务报表附注）分部报告表格中，财产保险分部投资收益为3,859百万元。",2026-08-11,95,待审核
,平安,2025,2025Q2,F006,综合成本率,综合成本率,95.2,%,财产保险业务整体,,中国平安_2025_Q2_A股_chunks.json,,,候选4：整体综合成本率95.2%，同比优化2.6个百分点；候选5：整体综合成本率95.2%，同比优化2.6个百分点；候选1表格2：综合成本率(1)(%) 95.2；候选2表格1：综合成本率(%) 95.2；候选3：财产保险业务整体综合成本率95.2%,2026-08-11,100,待审核
,平安,2025,2025Q2,F007,综合赔付率,综合赔付率,69.2,%,财产保险业务,,中国平安_2025_Q2_A股_chunks.json,,,财产保险业务关键指标表格：综合赔付率(3)(%) 2025年 69.2,2026-08-11,95,待审核
,平安,2025,2025Q2,F008,综合费用率,综合费用率,26.0,%,财产保险业务,,中国平安_2025_Q2_A股_chunks.json,,,表格2 (table_031): 综合成本率(1)(%) 95.2，其中：综合费用率(²)(%) 26.0,2026-08-11,95,待审核
,平安,2025,2025Q2,F009,车险综合成本率,车险综合成本率,95.5,%,财产保险业务（车险）,车险,中国平安_2025_Q2_A股_chunks.json,,pingan_2025_q2_a_049,车险综合成本率95.5%，同比优化2.6个百分点，优于市场平均水平。,2026-08-11,100,待审核
,平安,2025,2025Q2,B001,原保险保费收入,原保险保费收入,171857,百万元,财产保险业务,,中国平安_2025_Q2_A股_chunks.json,,,"2025年上半年，财产保险业务原保险保费收入合计171,857百万元（见候选2表格2：车险108,611+责任保险13,615+健康保险12,362+农业保险8,505+意外伤害保险7,242+其他险种21,522=171,857）。",2026-08-11,95,待审核
,平安,2025,2025Q2,B002,车险保费收入,车险保费收入,108611,百万元,财产保险业务（平安产险）,车险,中国平安_2025_Q2_A股_chunks.json,,,"表格1 (table_030): 截至2025年6月30日止6个月 (人民币百万元)，车险原保险保费收入108,611",2026-08-11,0.95,待审核
,平安,2025,2025Q2,B003,非车险保费收入,非车险保费收入,63246,百万元,财产保险业务（中国平安产险）,非车险,中国平安_2025_Q2_A股_chunks.json,,,"根据候选2中表格2（table_036）按险种分析的原保险保费收入数据，非车险保费收入=总原保险保费收入-车险原保险保费收入=171,857-108,611=63,246百万元。",2026-08-11,0.95,待审核
,平安,2025,2025Q2,B005,农业保险保费,农业保险保费,8505,百万元,财产保险业务,农业险,中国平安_2025_Q2_A股_chunks.json,,,"表格1 (table_030)中农业保险原保险保费收入为8,505百万元；表格2 (table_036)中农业保险原保险保费收入为8,505百万元。",2026-08-11,1,待审核
,平安,2025,2025Q2,B006,健康险保费,健康险保费,12362,百万元,财产保险业务,健康险,中国平安_2025_Q2_A股_chunks.json,,,"候选1表格1（table_030）中，健康保险原保险保费收入为12,362百万元；候选2表格2（table_036）中，健康保险原保险保费收入为12,362百万元。",2026-08-11,95,待审核
,平安,2025,2025Q2,B009,市场份额,市场份额,27.6,%,新能源车险,,中国平安_2025_Q2_A股_chunks.json,,pingan_2025_q2_a_151,2025年上半年，实现承保新能源车575万辆，同比增长49.3%，新能源车险原保险保费收入217亿元，同比增长46.2%，市场份额27.6%,2026-08-11,80,待审核
,平安,2025,2025Q2,B012,非车保险服务收入,非车保险服务收入,53195,百万元,财产保险业务-非机动车辆保险,非车险,中国平安_2025_Q2_A股_chunks.json,,,"表格2 (table_031): 截至6月30日止6个月 (人民币百万元) | 保险服务收入 其中：车险 | 165,661 | 161,910 | 2.3 | 112,466 | 108,390 | 3.8 | 非机动车辆保险 | 53,195 | 53,520 | (0.6)",2026-08-11,0.95,待审核
,平安,2025,2025Q2,R001,核心偿付能力充足率,核心偿付能力充足率,179.6,%,财产保险业务（平安产险）,,中国平安_2025_Q2_A股_chunks.json,,,"截至2025年6月30日，平安产险的核心偿付能力充足率为179.6%（表格1：核心资本124,679百万元/最低资本69,425百万元）。",2026-08-11,95,待审核
,平安,2025,2025Q2,R002,综合偿付能力充足率,综合偿付能力充足率,215.9,%,财产保险业务（平安产险）,,中国平安_2025_Q2_A股_chunks.json,,,截至2025年6月30日，平安产险的综合偿付能力充足率为215.9%（表格1，table_034）。,2026-08-11,95,待审核
,平安,2025,2025Q2,A001,总资产,总资产,13509559,百万元,集团,,中国平安_2025_Q2_A股_chunks.json,,,"中期合并资产负债表，2025年6月30日，资产总计13,509,559百万元",2026-08-11,95,待审核
,平安,2025,2025Q2,A002,投资资产,投资资产,6202475,百万元,集团合并口径（含寿险及健康险、财产保险）,,中国平安_2025_Q2_A股_chunks.json,,,"2025年6月30日投资资产合计6,202,475百万元（表格table_040）",2026-08-11,90,待审核
,平安,2025,2025Q2,A003,保险合同负债,保险合同负债,287914,百万元,财产保险业务,,中国平安_2025_Q2_A股_chunks.json,,,"候选2表格2：截至2025年6月30日，保险合同负债287,914百万元（人民币百万元）。",2026-08-11,0.95,待审核
,平安,2025,2025Q2,A004,未决赔款准备金,未决赔款准备金,234154,百万元,本集团（含平安产险等）,,中国平安_2025_Q2_A股_chunks.json,,,"中国平安2025年中期简要财务报表附注，保险合同负债表中'已发生赔款负债'于2025年6月30日金额为234,154（百万元）。",2026-08-11,0.85,待审核
,平安,2025,2025Q2,A005,未到期责任准备金,未到期责任准备金,5099472,百万元,本集团（中国平安集团）,,中国平安_2025_Q2_A股_chunks.json,,,"中期简要财务报表附注，保险合同负债，未到期责任负债：2025年6月30日 5,099,472（百万元）",2026-08-11,0.9,待审核
,太保,2025,2025Q4,F001,净利润,净利润,9864,百万元,太保产险（财产保险业务）,,中国太保_2025_Q4_A股_chunks.json,,taibao_2025_q4_a_008,综合上述原因，2025 年太保产险实现净利润 98.64 亿元，同比增长 33.7%。,2026-08-13,100,待审核
,太保,2025,2025Q4,F002,承保利润,承保利润,4836,百万元,太保产险（财产保险业务）,,中国太保_2025_Q4_A股_chunks.json,,taibao_2025_q4_a_008,"2025年，太保产险实现原保险保费收入2,014.99亿元，同比增长0.1%，保险服务收入1,971.91亿元，同比增长3.0%。实现承保利润48.36亿元，同比增长81.0%。",2026-08-13,95,待审核
,太保,2025,2025Q4,F003,保险服务收入,保险服务收入,197191,百万元,太保产险（财产保险业务）,,中国太保_2025_Q4_A股_chunks.json,,taibao_2025_q4_a_008,"2025 年，太保产险实现原保险保费收入 2,014.99 亿元，同比增长0.1%，保险服务收入1,971.91亿元，同比增长3.0%。",2026-08-13,100,待审核
,太保,2025,2025Q4,F004,保险服务费用,保险服务费用,189681,百万元,太保产险（财产保险业务）,,中国太保_2025_Q4_A股_chunks.json,,,"2025年保险服务费用1,896.81亿元，同比增长2.7%。其中机动车辆保险服务费用1,036.33亿元，非机动车辆保险服务费用860.48亿元。表格7显示保险服务费用189,681百万元。",2026-08-13,95,待审核
,太保,2025,2025Q4,F005,投资收益,投资收益,8765,百万元,财产保险业务（太保产险）,,中国太保_2025_Q4_A股_chunks.json,,taibao_2025_q4_a_008,太保产险持续加大委托投资能力建设，优化权益投资策略，提高债券市场的机会把握能力，2025 年总投资收益 87.65 亿元，同比增长 16.0%，主要由于公允价值变动收益和已实现收益同比增长。,2026-08-13,90,待审核
,太保,2025,2025Q4,F006,综合成本率,综合成本率,97.6,%,财产险业务（含太保产险、太平洋安信农险及太保香港）,,中国太保_2025_Q4_A股_chunks.json,,,财产险业务注5 承保盈利有效改善，保费收入保持平稳：承保综合成本率 97.6%，同比下降 1.0 个百分点。,2026-08-13,90,待审核
,太保,2025,2025Q4,F007,综合赔付率,综合赔付率,70.4,%,太保产险（财产保险业务）,,中国太保_2025_Q4_A股_chunks.json,,taibao_2025_q4_a_008,"2025 年，太保产险实现原保险保费收入 2,014.99 亿元，同比增长0.1%，保险服务收入1,971.91亿元，同比增长3.0%。实现承保利润 48.36 亿元，同比增长 81.0%。承保综合成本率 97.5%，同比下降 1.1 个百分点，其中承保综合赔付率70.4%，同比下降 0.4 个百分点，承保综合费用率 27.1%，同比下降 0.7 个百分点。",2026-08-13,0.95,待审核
,太保,2025,2025Q4,F008,综合费用率,综合费用率,27.1,%,太保产险,,中国太保_2025_Q4_A股_chunks.json,,taibao_2025_q4_a_008,承保综合成本率 97.5%，同比下降 1.1 个百分点，其中承保综合赔付率70.4%，同比下降 0.4 个百分点，承保综合费用率 27.1%，同比下降 0.7 个百分点。,2026-08-13,95,待审核
,太保,2025,2025Q4,F009,车险综合成本率,车险综合成本率,95.6,%,太保产险-机动车辆险,车险,中国太保_2025_Q4_A股_chunks.json,,taibao_2025_q4_a_008,车险承保综合成本率 95.6%，同比下降 2.6 个百分点，承保利润水平实现近年最优。,2026-08-13,100,待审核
,太保,2025,2025Q4,F010,非车险综合成本率,非车险综合成本率,99.9,%,太保产险非机动车辆险（非车险）,非车险,中国太保_2025_Q4_A股_chunks.json,,taibao_2025_q4_a_008,非车险整体承保综合成本率 99.9%，同比上升 0.8 个百分点，剔除个人信用保证保险业务影响后，非车险承保综合成本率 97.0%，同比下降 2.1 个百分点。,2026-08-13,95,待审核
,太保,2025,2025Q4,B001,原保险保费收入,原保险保费收入,201499,百万元,太保产险（单体口径，不含太平洋安信农险、太保香港）,,中国太保_2025_Q4_A股_chunks.json,,taibao_2025_q4_a_008,"2025 年，太保产险实现原保险保费收入 2,014.99 亿元，同比增长0.1%",2026-08-13,95,待审核
,太保,2025,2025Q4,B002,车险保费收入,车险保费收入,110511,百万元,太保产险（财产保险业务）,车险,中国太保_2025_Q4_A股_chunks.json,,,"2025年，车险原保险保费收入1,105.11亿元，同比增长3.0%；表格1中机动车辆险原保险保费收入110,511百万元。",2026-08-13,95,待审核
,太保,2025,2025Q4,B003,非车险保费收入,非车险保费收入,90988,百万元,太保产险（母公司口径）,非车险,中国太保_2025_Q4_A股_chunks.json,,,"2025年，太保产险非车险原保险保费收入909.88亿元，同比下降3.1%。表格1中'非机动车辆险'2025年数值为90,988百万元。",2026-08-13,95,待审核
,太保,2025,2025Q4,B004,非车非保证险保费,非车非保证险保费,92679,百万元,太保产险,非车险,中国太保_2025_Q4_A股_chunks.json,,,"非机动车辆险原保险保费收入90,988百万元，其中个人信用保证保险原保险保费收入-1,691百万元。非车非保证险保费=90,988-(-1,691)=92,679百万元。",2026-08-13,95,待审核
,太保,2025,2025Q4,B005,农业保险保费,农业保险保费,19939,百万元,太保产险（财产保险业务）,农业险,中国太保_2025_Q4_A股_chunks.json,,,"2025年农业险原保险保费收入19,939百万元（表格1：农业险 19,939）",2026-08-13,95,待审核
,太保,2025,2025Q4,B006,健康险保费,健康险保费,20298,百万元,太保产险（财产保险业务）,健康险,中国太保_2025_Q4_A股_chunks.json,,taibao_2025_q4_a_008,2025年健康险业务原保险保费收入202.98亿元，同比基本持平；承保综合成本率95.0%，同比下降9.3个百分点。,2026-08-13,95,待审核
,太保,2025,2025Q4,B007,车险业务占比,车险业务占比,54.84,%,太保产险,车险,中国太保_2025_Q4_A股_chunks.json,,,"根据表格1，2025年太保产险原保险保费收入201,499百万元，其中机动车辆险原保险保费收入110,511百万元。车险业务占比 = 110,511 / 201,499 = 54.84%。",2026-08-13,0.98,待审核
,太保,2025,2025Q4,B009,市场份额,市场份额,,%,,,中国太保_2025_Q4_A股_chunks.json,,,,2026-08-13,0,待审核
,太保,2025,2025Q4,B010,保费增长率,保费增长率,,%,,,中国太保_2025_Q4_A股_chunks.json,,,,2026-08-13,0,待审核
,太保,2025,2025Q4,B011,车险保险服务收入,车险保险服务收入,109659,百万元,太保产险,车险,中国太保_2025_Q4_A股_chunks.json,,taibao_2025_q4_a_008,"保险服务收入。2025 年保险服务收入 1,971.91 亿元，同比增长 3.0%，主要因整体业务规模增长等影响。其中机动车辆保险服务收入 1,096.59 亿元，同比增长 3.1%，非机动车辆保险服务收入 875.32 亿元，同比增长 2.9%。",2026-08-13,1,待审核
,太保,2025,2025Q4,B012,非车保险服务收入,非车保险服务收入,87532,百万元,太保产险（财产保险业务）,非车险,中国太保_2025_Q4_A股_chunks.json,,taibao_2025_q4_a_008,"2025年保险服务收入1,971.91亿元，同比增长3.0%，主要因整体业务规模增长等影响。其中机动车辆保险服务收入1,096.59亿元，同比增长3.1%，非机动车辆保险服务收入875.32亿元，同比增长2.9%。",2026-08-13,100,待审核
,太保,2025,2025Q4,R001,核心偿付能力充足率,核心偿付能力充足率,203,%,太保产险,,中国太保_2025_Q4_A股_chunks.json,,,表格5 (table_028)中，太保产险核心偿付能力充足率(%)为203。,2026-08-13,1,待审核
,太保,2025,2025Q4,R002,综合偿付能力充足率,综合偿付能力充足率,244,%,太保产险,,中国太保_2025_Q4_A股_chunks.json,,,表格5 (table_028)中，太保产险2025年12月31日综合偿付能力充足率(%)为244。,2026-08-13,1,待审核
,太保,2025,2025Q4,R003,风险综合评级,风险综合评级,,评级,,,中国太保_2025_Q4_A股_chunks.json,,taibao_2025_q4_a_024,集团偿付能力始终处于监管充分标准以上，保险子公司风险综合评级结果持续行业领先。,2026-08-13,0,待审核
,太保,2025,2025Q4,A001,总资产,总资产,251073,百万元,太保产险（财产保险业务）,,中国太保_2025_Q4_A股_chunks.json,,,"候选2表格7（table_030）中，中国太平洋财产保险股份有限公司的总资产为251,073（单位：人民币百万元）。",2026-08-13,95,待审核
,太保,2025,2025Q4,A002,投资资产,投资资产,3039987,百万元,集团合并口径,,中国太保_2025_Q4_A股_chunks.json,,,"候选3：集团投资资产 3,039,987 百万元（表格table_019）",2026-08-13,95,待审核
,太保,2025,2025Q4,A003,保险合同负债,保险合同负债,2466607,百万元,集团合并口径,,中国太保_2025_Q4_A股_chunks.json,,,"表格6 (table_029): 保险合同负债合计 2025年12月31日为2,466,607（单位：人民币百万元）",2026-08-13,95,待审核
,太保,2025,2025Q4,A004,未决赔款准备金,未决赔款准备金,110044,百万元,集团合并口径（含太保产险、太保寿险等）,,中国太保_2025_Q4_A股_chunks.json,,,"表格6 (table_029)中'已发生赔款负债'2025年12月31日余额为110,044百万元。",2026-08-13,90,待审核
,太保,2025,2025Q4,A005,未到期责任准备金,未到期责任准备金,2356563,百万元,集团合并口径（含太保产险、太保寿险等所有保险子公司）,,中国太保_2025_Q4_A股_chunks.json,,,"表格6 (table_029)：未到期责任负债 2025年12月31日为2,356,563（单位：人民币百万元）",2026-08-13,80,待审核
,太平,2025,2025Q4,F001,净利润,净利润,,百万元,,,中国太平_2025_Q4_A股_chunks.json,,,,2026-08-13,0,待审核
,太平,2025,2025Q4,F002,承保利润,承保利润,,百万元,,,中国太平_2025_Q4_A股_chunks.json,,,,2026-08-13,0,待审核
,太平,2025,2025Q4,F003,保险服务收入,保险服务收入,,百万元,,,中国太平_2025_Q4_A股_chunks.json,,,,2026-08-13,0,待审核
,太平,2025,2025Q4,F004,保险服务费用,保险服务费用,,百万元,,,中国太平_2025_Q4_A股_chunks.json,,,,2026-08-13,0,待审核
,太平,2025,2025Q4,F005,投资收益,投资收益,,百万元,,,中国太平_2025_Q4_A股_chunks.json,,,,2026-08-13,0,待审核
,太平,2025,2025Q4,F006,综合成本率,综合成本率,,%,,,中国太平_2025_Q4_A股_chunks.json,,,,2026-08-13,0,待审核
,太平,2025,2025Q4,B001,原保险保费收入,原保险保费收入,,百万元,,,中国太平_2025_Q4_A股_chunks.json,,,,2026-08-13,0,待审核
,太平,2025,2025Q4,B003,非车险保费收入,非车险保费收入,,百万元,,非车险,中国太平_2025_Q4_A股_chunks.json,,,,2026-08-13,0,待审核
,太平,2025,2025Q4,B005,农业保险保费,农业保险保费,,百万元,,农业险,中国太平_2025_Q4_A股_chunks.json,,,,2026-08-13,0,待审核
,太平,2025,2025Q4,B011,车险保险服务收入,车险保险服务收入,,百万元,,车险,中国太平_2025_Q4_A股_chunks.json,,,,2026-08-13,0,待审核
,太平,2025,2025Q4,B012,非车保险服务收入,非车保险服务收入,,百万元,,非车险,中国太平_2025_Q4_A股_chunks.json,,,,2026-08-13,0,待审核
,太平,2025,2025Q4,R003,风险综合评级,风险综合评级,,评级,,,中国太平_2025_Q4_A股_chunks.json,,太平_2025_q4_a_032,太平人寿、太平财险、太平养老三家子公司在最近一期监管风险综合评级的结果分别为A、BBB、AA，整体风险管控能力较好。,2026-08-13,0,待审核
,太平,2025,2025Q4,A001,总资产,总资产,,百万元,,,中国太平_2025_Q4_A股_chunks.json,,,,2026-08-13,0,待审核
,人保,2024,2024Q4,F001,净利润,净利润,33190,百万元,人保财险,,中国人保_2024_Q4_A股_chunks.json,,,"2024年人保财险实现保险服务收入4,852.23亿元，同比增长6.1%...实现保险服务业绩143.80亿元，承保利润70.85亿元，净利润331.90亿元。",2026-08-13,95,待审核
,人保,2024,2024Q4,F002,承保利润,承保利润,7085,百万元,人保财险（财产保险业务）,,中国人保_2024_Q4_A股_chunks.json,,,"2024年人保财险实现保险服务收入4,852.23亿元...实现保险服务业绩143.80亿元，承保利润70.85亿元，净利润331.90亿元。表格：承保利润 7,085（2024年）",2026-08-13,100,待审核
,人保,2024,2024Q4,F003,保险服务收入,保险服务收入,485223,百万元,人保财险,,中国人保_2024_Q4_A股_chunks.json,,,"2024年，人保财险实现保险服务收入4,852.23亿元，同比增长6.1%……下表列明报告期内人保财险的承保利润情况：保险服务收入485,223百万元。",2026-08-13,100,待审核
,人保,2024,2024Q4,F004,保险服务费用,保险服务费用,465392,百万元,人保财险（财产保险业务）,,中国人保_2024_Q4_A股_chunks.json,,,"2024年人保财险保险服务费用为465,392百万元（表格1）。",2026-08-13,1,待审核
,人保,2024,2024Q4,F005,投资收益,投资收益,,百万元,,,中国人保_2024_Q4_A股_chunks.json,,,,2026-08-13,0,待审核
,人保,2024,2024Q4,F006,综合成本率,综合成本率,98.5,%,人保财险（财产保险业务）,,中国人保_2024_Q4_A股_chunks.json,,人保_2024_q4_a_002,2024年人保财险综合成本率为98.5%,2026-08-13,95,待审核
,人保,2024,2024Q4,F007,综合赔付率,综合赔付率,72.7,%,人保财险（财产保险业务）,,中国人保_2024_Q4_A股_chunks.json,,,2024年人保财险综合赔付率为72.7%，同比上升2.3个百分点。,2026-08-13,100,待审核
,人保,2024,2024Q4,F008,综合费用率,综合费用率,25.8,%,人保财险（财产保险业务）,,中国人保_2024_Q4_A股_chunks.json,,,2024年人保财险综合费用率25.8%，同比下降1.4个百分点。,2026-08-13,95,待审核
,人保,2024,2024Q4,F009,车险综合成本率,车险综合成本率,96.8,%,人保财险-机动车辆险,车险,中国人保_2024_Q4_A股_chunks.json,,,2024年人保财险机动车辆险综合成本率96.8%，同比下降0.1个百分点。,2026-08-13,95,待审核
,人保,2024,2024Q4,B001,原保险保费收入,原保险保费收入,538055,百万元,人保财险（财产保险业务）,,中国人保_2024_Q4_A股_chunks.json,,,"下表列明报告期内人保财险按险种列示的原保险保费收入：单位：百万元。表格中合计为538,055百万元。",2026-08-13,1,待审核
,人保,2024,2024Q4,B002,车险保费收入,车险保费收入,297394,百万元,人保财险,车险,中国人保_2024_Q4_A股_chunks.json,,,"候选2表格：机动车辆险2024年原保险保费收入297,394百万元",2026-08-13,1,待审核
,人保,2024,2024Q4,B003,非车险保费收入,非车险保费收入,240661,百万元,人保财险（财产保险业务）,非车险,中国人保_2024_Q4_A股_chunks.json,,,"根据候选3中人保财险按险种列示的原保险保费收入表（table_005），2024年合计原保险保费收入为538,055百万元，其中机动车辆险为297,394百万元。非车险保费收入=合计-机动车辆险=538,055-297,394=240,661百万元。",2026-08-13,0.95,待审核
,人保,2024,2024Q4,B005,农业保险保费,农业保险保费,54919,百万元,人保财险（财产保险业务）,农业险,中国人保_2024_Q4_A股_chunks.json,,,"候选2：表格1 (table_005)中，农险2024年原保险保费收入为54,919百万元。",2026-08-13,1,待审核
,人保,2024,2024Q4,B006,健康险保费,健康险保费,,百万元,,健康险,中国人保_2024_Q4_A股_chunks.json,,,,2026-08-13,0,待审核
,人保,2024,2024Q4,B009,市场份额,市场份额,31.8,%,财产保险,,中国人保_2024_Q4_A股_chunks.json,,人保_2024_q4_a_001,截至2024年12月31日，人保财险在财产保险市场份额为31.8%,2026-08-13,1,待审核
,人保,2024,2024Q4,B010,保费增长率,保费增长率,4.3,%,人保财险（财产保险业务）,,中国人保_2024_Q4_A股_chunks.json,,人保_2024_q4_a_001,"2024年，人保财险持续巩固核心主业作用，强化产品服务创新和渠道专业化建设，实现原保险保费收入5,380.55亿元，同比增长4.3%。",2026-08-13,1,待审核
,人保,2024,2024Q4,B011,车险保险服务收入,车险保险服务收入,294701,百万元,人保财险（财产保险业务）,车险,中国人保_2024_Q4_A股_chunks.json,,,"候选1表格2（table_004）中，机动车辆险保险服务收入为294,701百万元。候选3正文中提及'机动车辆险实现保险服务收入2,947.01亿元'，与表格数值一致（2,947.01亿元=294,701百万元）。",2026-08-13,100,待审核
,人保,2024,2024Q4,B012,非车保险服务收入,非车保险服务收入,190522,百万元,人保财险（财产保险业务）,非车险,中国人保_2024_Q4_A股_chunks.json,,,"非车险业务实现保险服务收入1,905.22亿元，同比增长8.8%，占整体保险服务收入比例为39.3%。1,905.22亿元 = 190,522百万元。",2026-08-13,95,待审核
,人保,2024,2024Q4,R001,核心偿付能力充足率,核心偿付能力充足率,211,%,人保财险,,中国人保_2024_Q4_A股_chunks.json,,,表格6 (table_029): 指标 | 本集团 | 人保财险 | 人保寿险 | 人保健康；核心偿付能力充足率(%) | 225 | 211 | 185 | 179,2026-08-13,0.95,待审核
,人保,2024,2024Q4,R002,综合偿付能力充足率,综合偿付能力充足率,233,%,人保财险,,中国人保_2024_Q4_A股_chunks.json,,,表格6 (table_029): 指标列示了本集团及主要子公司的偿付能力信息，其中人保财险的综合偿付能力充足率为233%。,2026-08-13,0.95,待审核
,人保,2024,2024Q4,R003,风险综合评级,风险综合评级,,评级,,,中国人保_2024_Q4_A股_chunks.json,,,,2026-08-13,0,待审核
,人保,2024,2024Q4,A001,总资产,总资产,,百万元,,,中国人保_2024_Q4_A股_chunks.json,,,,2026-08-13,0,待审核
,人保,2024,2024Q4,A002,投资资产,投资资产,,百万元,,,中国人保_2024_Q4_A股_chunks.json,,,,2026-08-13,0,待审核
,人保,2024,2024Q4,A003,保险合同负债,保险合同负债,348680,百万元,人保财险（财产保险业务）,,中国人保_2024_Q4_A股_chunks.json,,,"候选2中表格2（table_008）：采用保费分配法计量的保险合同负债，2024年12月31日保险合同负债(资产)为348,680百万元。",2026-08-13,0.95,待审核
,人保,2024,2024Q4,A004,未决赔款准备金,未决赔款准备金,178022,百万元,人保财险,,中国人保_2024_Q4_A股_chunks.json,,,"候选1中，表格2（table_008）为“人保财险采用保费分配法计量的保险合同负债情况”，其中“已发生赔款负债”2024年12月31日金额为178,022百万元。该指标与“未决赔款准备金”含义一致。",2026-08-13,0.95,待审核
,人保,2024,2024Q4,A005,未到期责任准备金,未到期责任准备金,170658,百万元,人保财险,,中国人保_2024_Q4_A股_chunks.json,,,"人保财险采用保费分配法计量的保险合同负债情况表中，未到期责任负债2024年12月31日为170,658百万元。",2026-08-13,95,待审核
,人保,2025,2025Q2,F001,净利润,净利润,23455,百万元,人保财险,,中国人保_2025_Q2_A股_chunks.json,,人保_2025_q2_a_002,"2025年上半年，人保财险实现保险服务收入2,490.40亿元，同比增长5.6% ；原保险保费收入3,232.82亿元，占财产险市场份额33.5% ，继续保持行业领先 ；实现承保利润116.99亿元，净利润234.55亿元",2026-08-13,95,待审核
,人保,2025,2025Q2,F002,承保利润,承保利润,11699,百万元,人保财险,,中国人保_2025_Q2_A股_chunks.json,,,"2025年上半年，人保财险实现保险服务收入2,490.40亿元，同比增长5.6% ；原保险保费收入3,232.82亿元，占财产险市场份额33.5% ，继续保持行业领先 ；实现承保利润116.99亿元，净利润234.55亿元。表格中列示：承保利润 11,699 百万元。",2026-08-13,100,待审核
,人保,2025,2025Q2,F003,保险服务收入,保险服务收入,249040,百万元,人保财险,,中国人保_2025_Q2_A股_chunks.json,,,"2025年上半年，人保财险实现保险服务收入2,490.40亿元，同比增长5.6% ；原保险保费收入3,232.82亿元，占财产险市场份额33.5% ，继续保持行业领先 ；实现承保利润116.99亿元，净利润234.55亿元。",2026-08-13,100,待审核
,人保,2025,2025Q2,F004,保险服务费用,保险服务费用,227806,百万元,人保财险,,中国人保_2025_Q2_A股_chunks.json,,,"表格1 (table_003): 2025年1-6月保险服务费用 227,806 百万元",2026-08-13,0.95,待审核
,人保,2025,2025Q2,F005,投资收益,投资收益,,百万元,,,中国人保_2025_Q2_A股_chunks.json,,,,2026-08-13,0,待审核
,人保,2025,2025Q2,F006,综合成本率,综合成本率,95.3,%,人保财险,,中国人保_2025_Q2_A股_chunks.json,,,"2025年上半年，人保财险实现保险服务收入2,490.40亿元，同比增长5.6% ；原保险保费收入3,232.82亿元，占财产险市场份额33.5% ，继续保持行业领先 ；实现承保利润116.99亿元，净利润234.55亿元 ；今年上半年人保财险综合成本率为95.3% ，三年平均综合成本率5为97.6% ；今年上半年综合赔付率为",2026-08-13,1,待审核
,人保,2025,2025Q2,F007,综合赔付率,综合赔付率,72.3,%,人保财险,,中国人保_2025_Q2_A股_chunks.json,,,"2025年上半年，人保财险实现保险服务收入2,490.40亿元，同比增长5.6%...综合赔付率72.3%，同比上升1.6个百分点；综合费用率23.0%，同比下降3.1个百分点；综合成本率95.3%，同比下降1.5个百分点。",2026-08-13,0.95,待审核
,人保,2025,2025Q2,F008,综合费用率,综合费用率,23.0,%,人保财险,,中国人保_2025_Q2_A股_chunks.json,,,"2025年上半年，人保财险实现保险服务收入2,490.40亿元，同比增长5.6%...综合赔付率72.3%，同比上升1.6个百分点；综合费用率23.0%，同比下降3.1个百分点；综合成本率95.3%，同比下降1.5个百分点；净利润234.55亿元，同比增长34.4%。",2026-08-13,0.95,待审核
,人保,2025,2025Q2,F009,车险综合成本率,车险综合成本率,94.2,%,人保财险-机动车辆险,车险,中国人保_2025_Q2_A股_chunks.json,,人保_2025_q2_a_003,"人保财险持续优化业务结构，积极发展家自车业务，家自车业务占比73.4% ，同比提升1.0个百分点 ；加强渠道专业化建设，提高新车业务获取能力，稳定续保，做优转保，机动车辆险实现保险服务收入1,502.76亿元，同比增长3.5%。人保财险通过线上化、精准化的风控管理，开展风险减量服务，提升理赔风险识别能力，有效控制车险赔付成本，但受新能源汽车占比上升、人伤案量明显增长以及人伤赔偿标准、配件价格持续上涨等因素影响，机动车辆险综合赔付率73.1% ，同比上升1.9个百分点。人保财险积极发挥行业头雁作用，带头维护车险市场秩序，严格费用管控，机动车辆险综合费用率21.1% ，同比下降4.1个百分点 ；综合成本率94.2% ，同比下降2.2个百分点 ；实现承保利润87.26亿元，同比增长67.7%。",2026-08-13,100,待审核
,人保,2025,2025Q2,F010,非车险综合成本率,非车险综合成本率,97.0,%,人保财险,非车险,中国人保_2025_Q2_A股_chunks.json,,人保_2025_q2_a_001,非车险业务盈利能力逐步改善，综合成本率97.0% ，同比下降0.3个百分点,2026-08-13,0.95,待审核
,人保,2025,2025Q2,B001,原保险保费收入,原保险保费收入,323282,百万元,人保财险,,中国人保_2025_Q2_A股_chunks.json,,,"2025年上半年，人保财险实现保险服务收入2,490.40亿元，同比增长5.6% ；原保险保费收入3,232.82亿元，占财产险市场份额33.5% ，继续保持行业领先 ；实现承保利润116.99亿元，净利润234.55亿元 ；今年上半年人保财险综合成本率为95.3% ，三年平均综合成本率为97.6% ；今年上半年综合赔付率为",2026-08-13,1,待审核
,人保,2025,2025Q2,B002,车险保费收入,车险保费收入,144065,百万元,人保财险,车险,中国人保_2025_Q2_A股_chunks.json,,,"中国人保2025年半年报，按险种分析章节，表格中机动车辆险2025年1-6月原保险保费收入为144,065百万元。",2026-08-13,100,待审核
,人保,2025,2025Q2,B003,非车险保费收入,非车险保费收入,179217,百万元,人保财险,非车险,中国人保_2025_Q2_A股_chunks.json,,,"根据候选4中人保财险按险种列示的原保险保费收入表（table_005），非车险保费收入 = 原保险保费收入合计 - 机动车辆险保费收入 = 323,282 - 144,065 = 179,217 百万元。",2026-08-13,0.95,待审核
,人保,2025,2025Q2,B005,农业保险保费,农业保险保费,43790,百万元,人保财险（财产保险业务）,农业险,中国人保_2025_Q2_A股_chunks.json,,,"候选2表格：2025年1-6月农险原保险保费收入43,790百万元",2026-08-13,95,待审核
,人保,2025,2025Q2,B006,健康险保费,健康险保费,82614,百万元,人保财险（财产保险业务）,健康险,中国人保_2025_Q2_A股_chunks.json,,,"人保财险按险种列示的原保险保费收入中，意外伤害及健康险2025年1-6月金额为82,614百万元。",2026-08-13,0.9,待审核
,人保,2025,2025Q2,B007,车险业务占比,车险业务占比,,%,人保财险（财产保险业务）,车险,中国人保_2025_Q2_A股_chunks.json,,,"候选文本中仅提及机动车辆险保险服务收入1,502.76亿元，但未披露车险保费占总保费的比例，无法计算车险业务占比。",2026-08-13,0,待审核
,人保,2025,2025Q2,B009,市场份额,市场份额,33.5,%,人保财险,,中国人保_2025_Q2_A股_chunks.json,,人保_2025_q2_a_002,"2025年上半年，人保财险实现保险服务收入2,490.40亿元，同比增长5.6% ；原保险保费收入3,232.82亿元，占财产险市场份额33.5% ，继续保持行业领先",2026-08-13,100,待审核
,人保,2025,2025Q2,B010,保费增长率,保费增长率,3.6,%,人保财险（财产保险业务）,,中国人保_2025_Q2_A股_chunks.json,,人保_2025_q2_a_001,"人保财险持续巩固核心主业作用，坚持把体制机制创新作为重要驱动，有力塑造发展优势，2025年上半年，实现原保险保费收入3,232.82亿元，同比增长3.6%",2026-08-13,1,待审核
,人保,2025,2025Q2,B011,车险保险服务收入,车险保险服务收入,150276,百万元,人保财险（财产保险业务）,车险,中国人保_2025_Q2_A股_chunks.json,,,"2025年上半年，人保财险机动车辆险实现保险服务收入1,502.76亿元，同比增长3.5%。",2026-08-13,100,待审核
,人保,2025,2025Q2,B012,非车保险服务收入,非车保险服务收入,,百万元,,非车险,中国人保_2025_Q2_A股_chunks.json,,,,2026-08-13,0,待审核
,人保,2025,2025Q2,R001,核心偿付能力充足率,核心偿付能力充足率,213,%,人保财险,,中国人保_2025_Q2_A股_chunks.json,,,表格3 (table_029): 核心偿付能力充足率(%) 人保财险 213,2026-08-13,95,待审核
,人保,2025,2025Q2,R002,综合偿付能力充足率,综合偿付能力充足率,,%,,,中国人保_2025_Q2_A股_chunks.json,,,,2026-08-13,0,待审核
,人保,2025,2025Q2,R003,风险综合评级,风险综合评级,,评级,,,中国人保_2025_Q2_A股_chunks.json,,人保_2025_q2_a_013,2025年上半年，人保再保实现保险服务收入24.95亿元；实现净利润1.55亿元，同比增长4.0%；维持AA类风险综合评级，保持行业领先水平。,2026-08-13,0,待审核
,人保,2025,2025Q2,A001,总资产,总资产,805004,百万元,财产保险（人保财险）,,中国人保_2025_Q2_A股_chunks.json,,,"表格5 (table_031): 人保财险 各种财产保险、意外伤害险和短期健康险，以及相关的再保险业务 | 总资产 805,004",2026-08-13,95,待审核
,人保,2025,2025Q2,A002,投资资产,投资资产,,百万元,,,中国人保_2025_Q2_A股_chunks.json,,,,2026-08-13,0,待审核
,人保,2025,2025Q2,A003,保险合同负债,保险合同负债,368446,百万元,人保财险（财产保险业务）,,中国人保_2025_Q2_A股_chunks.json,,,"2025年6月30日，人保财险采用保费分配法计量的保险合同负债(资产)为368,446百万元（表格2，table_008）。",2026-08-13,0.9,待审核
,人保,2025,2025Q2,A004,未决赔款准备金,未决赔款准备金,198470,百万元,人保财险,,中国人保_2025_Q2_A股_chunks.json,,,"中国人保_2025_q2_a_011，表格2（table_008）中“已发生赔款负债”2025年6月30日数值为198,470百万元。",2026-08-13,0.95,待审核
,人保,2025,2025Q2,A005,未到期责任准备金,未到期责任准备金,169976,百万元,人保财险,,中国人保_2025_Q2_A股_chunks.json,,,"2025年6月30日人保财险未到期责任负债为169,976百万元。",2026-08-13,0.95,待审核
,阳光,2024,2024Q2,F002,承保利润,承保利润,203,百万元,财产保险业务（全险种）,,中国阳光_2024_Q2_H股_chunks.json,,,候选4：利源分析表格中，承保利润2024年数值为203（单位：人民币百万元）。候选5：正文明确说明“陽光財險的承保利潤由截至2023年6月30日止六個月的人民幣408百萬元減少50.2%至截至2024年6月30日止的人民幣203百萬元”。,2026-08-13,1,待审核
,阳光,2024,2024Q2,F003,保险服务收入,保险服务收入,23457,百万元,财产保险,,中国阳光_2024_Q2_H股_chunks.json,,,"表格1 (table_002): 财产保险 保险服务收入 23,457 (2024年6月30日止六个月)",2026-08-13,0.95,待审核
,阳光,2024,2024Q2,F004,保险服务费用,保险服务费用,22630,百万元,财产保险,,中国阳光_2024_Q2_H股_chunks.json,,,"候选1表格中财产保险分部：保險服務費用 22,630（单位：人民币百万元）",2026-08-13,0.95,待审核
,阳光,2024,2024Q2,F005,投资收益,投资收益,,百万元,,,中国阳光_2024_Q2_H股_chunks.json,,,,2026-08-13,0,待审核
,阳光,2024,2024Q2,F006,综合成本率,综合成本率,99.1,%,财产保险,,中国阳光_2024_Q2_H股_chunks.json,,,候选1：承保综合成本率99.1%；候选2：财产保险承保综合成本率99.1%；候选4：承保综合成本率99.1%；候选5：全险种承保综合成本率99.1%,2026-08-13,95,待审核
,阳光,2024,2024Q2,F007,综合赔付率,综合赔付率,66.4,%,财产保险（全险种）,,中国阳光_2024_Q2_H股_chunks.json,,,表格1：全险种承保综合赔付率(2) 2024年66.4%,2026-08-13,90,待审核
,阳光,2024,2024Q2,F008,综合费用率,综合费用率,32.7,%,财产保险（全险种）,,中国阳光_2024_Q2_H股_chunks.json,,,表格1：承保綜合費用率(1) 32.7%（2024年上半年）,2026-08-13,0.9,待审核
,阳光,2024,2024Q2,B001,原保险保费收入,原保险保费收入,24650,百万元,财产保险业务,,中国阳光_2024_Q2_H股_chunks.json,,阳光_2024_q2_h_004,原保險保費收入246.5億元，同比增長12.4%,2026-08-13,95,待审核
,阳光,2024,2024Q2,B004,非车非保证险保费,非车非保证险保费,9537,百万元,财产保险,非车险,中国阳光_2024_Q2_H股_chunks.json,,,"候选1表格：非機動車輛險原保險保費收入11,362百萬元，其中保證險1,825百萬元。非車非保證險保費=11,362-1,825=9,537百萬元。",2026-08-13,0.95,待审核
,阳光,2024,2024Q2,B005,农业保险保费,农业保险保费,,百万元,,农业险,中国阳光_2024_Q2_H股_chunks.json,,,,2026-08-13,0,待审核
,阳光,2024,2024Q2,B006,健康险保费,健康险保费,,百万元,,健康险,中国阳光_2024_Q2_H股_chunks.json,,,,2026-08-13,0,待审核
,阳光,2024,2024Q2,R001,核心偿付能力充足率,核心偿付能力充足率,168,%,阳光财险,,中国阳光_2024_Q2_H股_chunks.json,,,表格1 (table_028)中'陽光財險'行，'核心償付能力充足率(%)'列，2024年6月30日数值为168。,2026-08-13,95,待审核
,阳光,2024,2024Q2,R002,综合偿付能力充足率,综合偿付能力充足率,241,%,阳光财险,,中国阳光_2024_Q2_H股_chunks.json,,,候选2表格中'陽光財險'行'綜合償付能力充足率(%)'列，2024年6月30日数值为241。,2026-08-13,1,待审核
,阳光,2024,2024Q2,A001,总资产,总资产,,百万元,,,中国阳光_2024_Q2_H股_chunks.json,,,,2026-08-13,0,待审核
,阳光,2024,2024Q2,A002,投资资产,投资资产,,百万元,,,中国阳光_2024_Q2_H股_chunks.json,,,,2026-08-13,0,待审核
,阳光,2024,2024Q4,F002,承保利润,承保利润,123,百万元,财产保险业务（阳光财险）,,中国阳光_2024_Q4_H股_chunks.json,,,候选2表格2（table_016）中'承保利潤'2024年数值为123（单位：人民币百万元）；候选4表格1（table_019）中'承保利潤(3)'2024年数值为123（单位：人民币百万元）；候选5正文'陽光財險的承保利潤由2023年的人民幣572百萬元減少78.5%至2024年的人民幣123百萬元'。,2026-08-13,1,待审核
,阳光,2024,2024Q4,F003,保险服务收入,保险服务收入,48243,百万元,财产保险,,中国阳光_2024_Q4_H股_chunks.json,,,"候选2表格中财产保险部分：保險服務收入 48,243（百万元）",2026-08-13,1,待审核
,阳光,2024,2024Q4,F004,保险服务费用,保险服务费用,47334,百万元,财产保险,,中国阳光_2024_Q4_H股_chunks.json,,,"表格1 (table_002)中财产保险部分：保險服務費用 47,334（2024年）",2026-08-13,1,待审核
,阳光,2024,2024Q4,F005,投资收益,投资收益,,百万元,,,中国阳光_2024_Q4_H股_chunks.json,,,,2026-08-13,0,待审核
,阳光,2024,2024Q4,F006,综合成本率,综合成本率,99.7,%,财产保险,,中国阳光_2024_Q4_H股_chunks.json,,,承保综合成本率99.7% ，实现承保利润1.2亿元。,2026-08-13,95,待审核
,阳光,2024,2024Q4,F007,综合赔付率,综合赔付率,68.4,%,财产保险,,中国阳光_2024_Q4_H股_chunks.json,,,承保綜合賠付率(2) 68.4%（注2：承保綜合賠付率 = （已決賠付 + 未決賠付 + 虧損合同損益 + （分出保費的分攤 – 攤回保險服務費用） + （承保財務損益 – 分出再保險財務損益） + 提取保費準備金） / 保險服務收入）,2026-08-13,95,待审核
,阳光,2024,2024Q4,F008,综合费用率,综合费用率,31.3,%,财产保险,,中国阳光_2024_Q4_H股_chunks.json,,,承保綜合費用率(1) 31.3% (2024年)，註1：承保綜合費用率 = （獲取費用攤銷+維持費用） / 保險服務收入。,2026-08-13,95,待审核
,阳光,2024,2024Q4,B001,原保险保费收入,原保险保费收入,47820,百万元,财险业务,,中国阳光_2024_Q4_H股_chunks.json,,阳光_2024_q4_h_004,原保險保費收入478.2億元，同比增長8.1%,2026-08-13,1,待审核
,阳光,2024,2024Q4,B004,非车非保证险保费,非车非保证险保费,17095,百万元,阳光财险（财产保险业务）,非车险,中国阳光_2024_Q4_H股_chunks.json,,,"非机动车辆险原保险保费收入21,114百万元，其中保证险4,019百万元，非车非保证险=21,114-4,019=17,095百万元（表格1）。",2026-08-13,95,待审核
,阳光,2024,2024Q4,B005,农业保险保费,农业保险保费,,百万元,,农业险,中国阳光_2024_Q4_H股_chunks.json,,,,2026-08-13,0,待审核
,阳光,2024,2024Q4,B006,健康险保费,健康险保费,,百万元,,健康险,中国阳光_2024_Q4_H股_chunks.json,,,,2026-08-13,0,待审核
,阳光,2024,2024Q4,R001,核心偿付能力充足率,核心偿付能力充足率,165,%,财产保险（阳光财险）,,中国阳光_2024_Q4_H股_chunks.json,,,截至2024年12月31日，阳光财险核心偿付能力充足率(%)为165（表格table_028）,2026-08-13,0.95,待审核
,阳光,2024,2024Q4,R002,综合偿付能力充足率,综合偿付能力充足率,233,%,阳光财险,,中国阳光_2024_Q4_H股_chunks.json,,,候选2表格中'陽光財險'行：綜合償付能力充足率(%) 2024年12月31日为233。,2026-08-13,1,待审核
,阳光,2024,2024Q4,A001,总资产,总资产,,百万元,,,中国阳光_2024_Q4_H股_chunks.json,,,,2026-08-13,0,待审核
,阳光,2024,2024Q4,A002,投资资产,投资资产,,百万元,,,中国阳光_2024_Q4_H股_chunks.json,,,,2026-08-13,0,待审核
,阳光,2025,2025Q2,F002,承保利润,承保利润,289,百万元,财产保险业务（阳光财险）,,中国阳光_2025_Q2_H股_chunks.json,,,2025年1-6月承保利润289百万元（表格2，table_015）,2026-08-13,0.95,待审核
,阳光,2025,2025Q2,F003,保险服务收入,保险服务收入,23753,百万元,财产保险,,中国阳光_2025_Q2_H股_chunks.json,,,"候选2表格1中财产保险部分：保險服務收入 23,753（2025年1-6月）",2026-08-13,0.95,待审核
,阳光,2025,2025Q2,F004,保险服务费用,保险服务费用,23218,百万元,财产保险,,中国阳光_2025_Q2_H股_chunks.json,,,"候选1表格1中财产保险部分：保險服務費用 23,218（2025年1-6月）",2026-08-13,0.95,待审核
,阳光,2025,2025Q2,F005,投资收益,投资收益,,百万元,,,中国阳光_2025_Q2_H股_chunks.json,,,,2026-08-13,0,待审核
,阳光,2025,2025Q2,F006,综合成本率,综合成本率,98.8,%,财产保险,,中国阳光_2025_Q2_H股_chunks.json,,,承保综合成本率98.8%，同比下降0.3个百分点（中国阳光_2025_q2_h_005）；承保綜合成本率(6)98.8%（中国阳光_2025_q2_h_013）；承保綜合成本率98.8%（中国阳光_2025_q2_h_028）,2026-08-13,100,待审核
,阳光,2025,2025Q2,F007,综合赔付率,综合赔付率,68.9,%,财产保险（阳光财险）,,中国阳光_2025_Q2_H股_chunks.json,,,承保綜合賠付率(2) 68.9%（2025年1-6月）,2026-08-13,90,待审核
,阳光,2025,2025Q2,F008,综合费用率,综合费用率,29.9,%,财产保险,,中国阳光_2025_Q2_H股_chunks.json,,,承保綜合費用率(1) 29.9%（表格2，2025年1-6月）,2026-08-13,95,待审核
,阳光,2025,2025Q2,B001,原保险保费收入,原保险保费收入,25270,百万元,财产保险业务,,中国阳光_2025_Q2_H股_chunks.json,,,财险业务：原保险保费收入252.7亿元，同比增长2.5%。,2026-08-13,95,待审核
,阳光,2025,2025Q2,B004,非车非保证险保费,非车非保证险保费,10315,百万元,阳光财险,非车险,中国阳光_2025_Q2_H股_chunks.json,,,"候选1表格1：非机动车辆险原保险保费收入12,777百万元，其中保证险2,462百万元。非车非保证险保费=12,777-2,462=10,315百万元。",2026-08-13,0.95,待审核
,阳光,2025,2025Q2,B005,农业保险保费,农业保险保费,,百万元,,农业险,中国阳光_2025_Q2_H股_chunks.json,,,,2026-08-13,0,待审核
,阳光,2025,2025Q2,B006,健康险保费,健康险保费,,百万元,,健康险,中国阳光_2025_Q2_H股_chunks.json,,,,2026-08-13,0,待审核
,阳光,2025,2025Q2,R001,核心偿付能力充足率,核心偿付能力充足率,177,%,阳光财险,,中国阳光_2025_Q2_H股_chunks.json,,,截至2025年6月30日，阳光财险核心偿付能力充足率(%)为177（表格table_027）。,2026-08-13,0.95,待审核
,阳光,2025,2025Q2,R002,综合偿付能力充足率,综合偿付能力充足率,247,%,财产保险（阳光财险）,,中国阳光_2025_Q2_H股_chunks.json,,,候选2表格中'陽光財險'行'綜合償付能力充足率(%)'列2025年6月30日数值为247。,2026-08-13,0.95,待审核
,阳光,2025,2025Q2,A001,总资产,总资产,,百万元,,,中国阳光_2025_Q2_H股_chunks.json,,,,2026-08-13,0,待审核
,阳光,2025,2025Q2,A002,投资资产,投资资产,,百万元,,,中国阳光_2025_Q2_H股_chunks.json,,,,2026-08-13,0,待审核
,众安,2024,2024Q2,F002,承保利润,承保利润,314,百万元,财产保险业务,,众安在线_2024_Q2_H股_chunks.json,,众安_2024_q2_h_004,2024年上半年，我們的承保綜合成本率3為97.9%，自2021年中期以來，在所有報告期內均實現承保盈利，其中綜合賠付率4為60.7%，綜合費用率5為37.2%，實現承保利潤人民幣3.14億元，承保綜合成本率較去年同期上升2.1個百分點，主要由於綜合賠付率上升3.6個百分點至60.7%，而綜合費用率優化1.5個百分點至37.2%。,2026-08-13,95,待审核
,众安,2024,2024Q2,F003,保险服务收入,保险服务收入,15088,百万元,集团合并口径（众安在线财产保险业务）,,众安在线_2024_Q2_H股_chunks.json,,众安_2024_q2_h_004,2024年上半年，本公司實現總保費人民幣152.38億元，出具91.33億張保單，實現保險服務收入為人民幣150.88億元，同比增長19.0%。,2026-08-13,0.9,待审核
,众安,2024,2024Q2,F004,保险服务费用,保险服务费用,14767.552,百万元,境内财险承保业务（中国互联网财险业务）,,众安在线_2024_Q2_H股_chunks.json,,,"候选1表格：保險服務費用 (14,767,552) 千元，即14,767.552百万元；候选2正文：約人民幣147.68億元，即14,768百万元。",2026-08-13,0.95,待审核
,众安,2024,2024Q2,F005,投资收益,投资收益,620,百万元,保险业务,,众安在线_2024_Q2_H股_chunks.json,,,候选2：管理层讨论与分析-投资收益表格中，总投资收益2024年为620（人民币百万元）。,2026-08-13,0.9,待审核
,众安,2024,2024Q2,F006,综合成本率,综合成本率,97.9,%,公司整体（财产保险业务）,,众安在线_2024_Q2_H股_chunks.json,,,2024年中期業績回顧：承保綜合成本率為97.9%,2026-08-13,90,待审核
,众安,2024,2024Q2,F007,综合赔付率,综合赔付率,60.7,%,公司整体（财产保险业务）,,众安在线_2024_Q2_H股_chunks.json,,,2024年中期業績回顧：2024年上半年，我們的承保綜合成本率為97.9%，自2021年中期以來，在所有報告期內均實現承保盈利，其中綜合賠付率為60.7%，綜合費用率為37.2%,2026-08-13,95,待审核
,众安,2024,2024Q2,F008,综合费用率,综合费用率,37.2,%,公司整体（财产保险业务）,,众安在线_2024_Q2_H股_chunks.json,,,2024年上半年，我們的承保綜合成本率為97.9%...其中綜合賠付率為60.7%，綜合費用率為37.2%,2026-08-13,90,待审核
,众安,2024,2024Q2,B004,非车非保证险保费,非车非保证险保费,,百万元,,非车险,众安在线_2024_Q2_H股_chunks.json,,,,2026-08-13,0,待审核
,众安,2024,2024Q2,B006,健康险保费,健康险保费,5002.211,百万元,财产保险业务（健康险）,健康险,众安在线_2024_Q2_H股_chunks.json,,,"候选3表格：截至2024年6月30日止6个月，健康险保险服务收入为5,002,211千元，即5,002.211百万元。",2026-08-13,90,待审核
,众安,2024,2024Q2,B009,市场份额,市场份额,,%,,,众安在线_2024_Q2_H股_chunks.json,,,,2026-08-13,0,待审核
,众安,2024,2024Q2,R001,核心偿付能力充足率,核心偿付能力充足率,216,%,公司整体（众安在线财产保险）,,众安在线_2024_Q2_H股_chunks.json,,,截至2024年6月30日，核心償付能力充足率(2)(%)为216%（表格table_014）,2026-08-13,0.95,待审核
,众安,2024,2024Q2,R002,综合偿付能力充足率,综合偿付能力充足率,224,%,公司整体（众安在线财产保险）,,众安在线_2024_Q2_H股_chunks.json,,,候选1：'綜合償付能力充足率224%，保持充裕。'；候选2：表格中'綜合償付能力充足率(1)(%)'对应'截至2024年6月30日'为'224%'。,2026-08-13,1,待审核
,众安,2024,2024Q2,A001,总资产,总资产,43037,百万元,集团合并口径（众安在线及其子公司）,,众安在线_2024_Q2_H股_chunks.json,,,于2024年6月30日，本公司及子公司总资产人民币430.37亿元，净资产人民币202.40亿元，分别较年初增加人民币1.74亿元和人民币1.67亿元。,2026-08-13,0,待审核
,众安,2024,2024Q2,A002,投资资产,投资资产,38568.02,百万元,集团合并口径,,众安在线_2024_Q2_H股_chunks.json,,,"候选5：截至2024年6月30日，投資資產總額為人民幣38,568,020千元，即38,568.02百萬元。",2026-08-13,0,待审核
,众安,2024,2024Q2,A004,未决赔款准备金,未决赔款准备金,,百万元,,,众安在线_2024_Q2_H股_chunks.json,,,,2026-08-13,0,待审核
,众安,2024,2024Q2,A005,未到期责任准备金,未到期责任准备金,,百万元,,,众安在线_2024_Q2_H股_chunks.json,,,,2026-08-13,0,待审核
,众安,2024,2024Q4,F002,承保利润,承保利润,990,百万元,保险分部（财产保险业务）,,众安在线_2024_Q4_H股_chunks.json,,,2024年，我们的承保综合成本率为96.9%，连续4年实现承保盈利，其中综合赔付率为58.3%，综合费用率为38.6%，实现承保利润人民币9.90亿元,2026-08-13,95,待审核
,众安,2024,2024Q4,F003,保险服务收入,保险服务收入,31744,百万元,公司整体（财产保险业务）,,众安在线_2024_Q4_H股_chunks.json,,众安_2024_q4_h_004,2024年，本公司實現總保費人民幣334.17億元，同比增長13.3%，實現保險服務收入人民幣317.44億元，同比增長15.3%。,2026-08-13,0.95,待审核
,众安,2024,2024Q4,F004,保险服务费用,保险服务费用,30690.0,百万元,境内财险承保业务,,众安在线_2024_Q4_H股_chunks.json,,,"候选1表格：保險服務費用 (30,690,035) (人民幣千元)，即30,690.035百万元；候选2正文：約人民幣306.90億元，即30,690百万元。",2026-08-13,0.95,待审核
,众安,2024,2024Q4,F005,投资收益,投资收益,1335,百万元,境内保险资金,,众安在线_2024_Q4_H股_chunks.json,,,"候选2：2024年总投资收益为人民币13.35亿元，较2023年的人民币7.20亿元投资收益大幅增长超过85.4%；候选3：总投资收益 1,335 百万元",2026-08-13,80,待审核
,众安,2024,2024Q4,F006,综合成本率,综合成本率,96.9,%,公司整体（财产保险业务）,,众安在线_2024_Q4_H股_chunks.json,,众安_2024_q4_h_004,2024年，我們的承保綜合成本率3為96.9%，連續4年實現承保盈利，其中綜合賠付率4為58.3%，綜合費用率5為38.6%,2026-08-13,95,待审核
,众安,2024,2024Q4,F007,综合赔付率,综合赔付率,58.3,%,公司整体（财产保险业务）,,众安在线_2024_Q4_H股_chunks.json,,,2024年，我們的承保綜合成本率為96.9%，連續4年實現承保盈利，其中綜合賠付率為58.3%，綜合費用率為38.6%,2026-08-13,95,待审核
,众安,2024,2024Q4,F008,综合费用率,综合费用率,38.6,%,公司整体（财产保险业务）,,众安在线_2024_Q4_H股_chunks.json,,,2024年，我們的承保綜合成本率為96.9%，連續4年實現承保盈利，其中綜合賠付率為58.3%，綜合費用率為38.6%,2026-08-13,0.95,待审核
,众安,2024,2024Q4,B004,非车非保证险保费,非车非保证险保费,,百万元,,非车险,众安在线_2024_Q4_H股_chunks.json,,,,2026-08-13,0,待审核
,众安,2024,2024Q4,B006,健康险保费,健康险保费,10502.881,百万元,财产保险业务（众安在线）,健康险,众安在线_2024_Q4_H股_chunks.json,,,"候选3：保险服务收入明细表中，健康险2024年保险服务收入为10,502,881千元人民币，即10,502.881百万元。",2026-08-13,0.9,待审核
,众安,2024,2024Q4,B009,市场份额,市场份额,,%,,,众安在线_2024_Q4_H股_chunks.json,,众安_2024_q4_h_004,2024年，按總保費計，眾安保險在國內財險行業的排名提升至第八名，市場份額進一步提升，並且在國內互聯網財險市場份額²排名第一。,2026-08-13,0,待审核
,众安,2024,2024Q4,B010,保费增长率,保费增长率,,%,,,众安在线_2024_Q4_H股_chunks.json,,,,2026-08-13,0,待审核
,众安,2024,2024Q4,R002,综合偿付能力充足率,综合偿付能力充足率,227,%,集团口径,,众安在线_2024_Q4_H股_chunks.json,,众安_2024_q4_h_004,於2024年12月31日，本集團總資產人民幣452.85億元，凈資產人民幣209.26億元，分別較年初增加5.6%和4.2%；綜合償付能力充足率為227%，保持在充裕水平。,2026-08-13,60,待审核
,众安,2024,2024Q4,A001,总资产,总资产,45285,百万元,集团合并口径,,众安在线_2024_Q4_H股_chunks.json,,,于2024年12月31日，本集团总资产人民币452.85亿元，净资产人民币209.26亿元，分别较年初增加5.6%和4.2%。,2026-08-13,0,待审核
,众安,2024,2024Q4,A002,投资资产,投资资产,41007.15,百万元,境内保险资金投资资产,,众安在线_2024_Q4_H股_chunks.json,,,候选5：截至2024年12月31日，我们的投资资产总额为约人民币410.07亿元，即41007.15百万元（410.07亿元×100百万元/亿元）。,2026-08-13,0.9,待审核
,众安,2024,2024Q4,A003,保险合同负债,保险合同负债,,百万元,,,众安在线_2024_Q4_H股_chunks.json,,,,2026-08-13,0,待审核
,众安,2024,2024Q4,A004,未决赔款准备金,未决赔款准备金,,百万元,,,众安在线_2024_Q4_H股_chunks.json,,,,2026-08-13,0,待审核
,众安,2024,2024Q4,A005,未到期责任准备金,未到期责任准备金,,百万元,,,众安在线_2024_Q4_H股_chunks.json,,,,2026-08-13,0,待审核
,众安,2025,2025Q2,F002,承保利润,承保利润,656,百万元,公司整体（保险业务）,,众安在线_2025_Q2_H股_chunks.json,,众安_2025_q2_h_004,2025年上半年，我們實現承保利潤人民幣6.56億元，同比增長109.1%。,2026-08-13,0.9,待审核
,众安,2025,2025Q2,F003,保险服务收入,保险服务收入,15041,百万元,集团合并口径（众安在线财产保险业务）,,众安在线_2025_Q2_H股_chunks.json,,众安_2025_q2_h_004,2025年上半年，本公司實現保險服務收入人民幣150.41億元。,2026-08-13,80,待审核
,众安,2025,2025Q2,F004,保险服务费用,保险服务费用,14362.546,百万元,境内财险承保业务（中国互联网财险业务）,,众安在线_2025_Q2_H股_chunks.json,,,"候选2正文：保险服务费用由截至2024年6月30日止六个月的约人民币147.68亿元减少约2.7%至截至2025年6月30日止六个月的约人民币143.63亿元。结合候选1表格中保险服务费用数值(14,362,546千元)，换算为百万元为14,362.546百万元。",2026-08-13,0.95,待审核
,众安,2025,2025Q2,F005,投资收益,投资收益,639,百万元,境内保险资金,,众安在线_2025_Q2_H股_chunks.json,,,候选2：2025年上半年，總投資收益為人民幣6.39億元；候选3表格：總投資收益 639 人民幣百萬元。,2026-08-13,0.9,待审核
,众安,2025,2025Q2,F006,综合成本率,综合成本率,95.6,%,保险分部（众安在线财产保险业务）,,众安在线_2025_Q2_H股_chunks.json,,,2025年上半年，我們的承保綜合成本率²為95.6%，同比改善2.3個百分點（候选1）；2025年上半年，承保綜合成本率為95.6%（候选2）,2026-08-13,95,待审核
,众安,2025,2025Q2,F007,综合赔付率,综合赔付率,54.7,%,保险分部（公司整体财产保险业务）,,众安在线_2025_Q2_H股_chunks.json,,众安_2025_q2_h_004,2025年上半年，我們的承保綜合成本率²為95.6%，同比改善2.3個百分點，其中綜合賠付率3為54.7%，同比改善6.0個百分點，綜合費用率4為40.9%，同比上升3.7個百分點。,2026-08-13,0.9,待审核
,众安,2025,2025Q2,F008,综合费用率,综合费用率,40.9,%,保险分部（公司整体财产保险业务）,,众安在线_2025_Q2_H股_chunks.json,,众安_2025_q2_h_004,2025年上半年，我們的承保綜合成本率²為95.6%，同比改善2.3個百分點，其中綜合賠付率3為54.7%，同比改善6.0個百分點，綜合費用率4為40.9%，同比上升3.7個百分點。,2026-08-13,0.95,待审核
,众安,2025,2025Q2,B006,健康险保费,健康险保费,5998.10,百万元,财产保险,健康险,众安在线_2025_Q2_H股_chunks.json,,,"候选3表格：截至6月30日止六个月，健康险保险服务收入为5,998,100千元（即5,998.10百万元）。",2026-08-13,0.95,待审核
,众安,2025,2025Q2,B009,市场份额,市场份额,,%,,,众安在线_2025_Q2_H股_chunks.json,,众安_2025_q2_h_004,2025年上半年，本公司實現總保費人民幣166.61億元，同比增長9.3%。市場份額進一步提升。,2026-08-13,0,待审核
,众安,2025,2025Q2,R002,综合偿付能力充足率,综合偿付能力充足率,225.6,%,公司整体（众安在线财产保险）,,众安在线_2025_Q2_H股_chunks.json,,众安_2025_q2_h_004,於2025年6月30日，本公司及子公司總資產達人民幣434.48億元，凈資產為人民幣215.59億元；綜合償付能力充足率225.6%，保持充裕。,2026-08-13,0.95,待审核
,众安,2025,2025Q2,A001,总资产,总资产,43448,百万元,集团合并口径（众安在线及其子公司）,,众安在线_2025_Q2_H股_chunks.json,,,于2025年6月30日，本公司及子公司总资产达人民币434.48亿元，净资产为人民币215.59亿元。,2026-08-13,0,待审核
,众安,2025,2025Q2,A002,投资资产,投资资产,38357.051,百万元,境内保险资金投资资产（集团口径）,,众安在线_2025_Q2_H股_chunks.json,,,"候选4：截至2025年6月30日，投资资产总额为38,357,051千元（即383.57亿元），折合38357.051百万元。",2026-08-13,0.6,待审核
,众安,2025,2025Q2,A004,未决赔款准备金,未决赔款准备金,,百万元,,,众安在线_2025_Q2_H股_chunks.json,,,,2026-08-13,0,待审核
,众安,2025,2025Q2,A005,未到期责任准备金,未到期责任准备金,,百万元,,,众安在线_2025_Q2_H股_chunks.json,,,,2026-08-13,0,待审核
,众安,2025,2025Q4,F002,承保利润,承保利润,1412,百万元,财产保险业务（保险分部）,,众安在线_2025_Q4_H股_chunks.json,,,候选1：2025年，公司实现承保利润人民币14.12亿元；候选2：承保利润增长42.5%至人民币14.12亿元。,2026-08-13,95,待审核
,众安,2025,2025Q4,F003,保险服务收入,保险服务收入,33485,百万元,财产保险业务（集团合并口径）,,众安在线_2025_Q4_H股_chunks.json,,众安_2025_q4_h_004,2025年，本公司實現總保費人民幣357.35億元，同比增長6.9%，實現保險服務收入人民幣334.85億元，同比增長5.5%。,2026-08-13,95,待审核
,众安,2025,2025Q4,F004,保险服务费用,保险服务费用,3217.3594,百万元,境内财险承保业务（中国互联网财险业务）,,众安在线_2025_Q4_H股_chunks.json,,,"候选1表格：保險服務費用 (32,173,594) 千元人民币；候选2正文：約人民幣321.74億元。取候选1精确值32,173,594千元，换算为百万元：32,173,594/1000=32,173.594百万元。",2026-08-13,0.95,待审核
,众安,2025,2025Q4,F005,投资收益,投资收益,2124,百万元,境内保险业务,,众安在线_2025_Q4_H股_chunks.json,,,"候选3：2025年全年總投資收益為人民幣21.24億元，較2024年同期的人民幣13.35億元投資收益增長達到59.1%；候选4：表格中總投資收益2025年為2,124百萬元。",2026-08-13,0.95,待审核
,众安,2025,2025Q4,F006,综合成本率,综合成本率,95.8,%,财产保险业务（公司整体承保口径）,,众安在线_2025_Q4_H股_chunks.json,,,2025年，我們的承保綜合成本率2為95.8%，較2024年同期改善1.1個百分點，其中綜合賠付率3為57.1%，綜合費用率4為38.7%。,2026-08-13,95,待审核
,众安,2025,2025Q4,F007,综合赔付率,综合赔付率,57.1,%,公司整体（财产保险业务）,,众安在线_2025_Q4_H股_chunks.json,,,2025年，我們的承保綜合成本率為95.8%，較2024年同期改善1.1個百分點，其中綜合賠付率為57.1%，綜合費用率為38.7%。,2026-08-13,0.95,待审核
,众安,2025,2025Q4,F008,综合费用率,综合费用率,38.7,%,公司整体（财产保险业务）,,众安在线_2025_Q4_H股_chunks.json,,,2025年，我們的承保綜合成本率為95.8%，較2024年同期改善1.1個百分點，其中綜合賠付率為57.1%，綜合費用率為38.7%。,2026-08-13,0.95,待审核
,众安,2025,2025Q4,B001,原保险保费收入,原保险保费收入,,百万元,,,众安在线_2025_Q4_H股_chunks.json,,,,2026-08-13,0,待审核
,众安,2025,2025Q4,B006,健康险保费,健康险保费,12682,百万元,健康生态（健康险业务）,健康险,众安在线_2025_Q4_H股_chunks.json,,众安_2025_q4_h_009,2025年健康生態總保費達到人民幣126.82億元，同比增長22.7%,2026-08-13,0.9,待审核
,众安,2025,2025Q4,B009,市场份额,市场份额,,%,,,众安在线_2025_Q4_H股_chunks.json,,,,2026-08-13,0,待审核
,众安,2025,2025Q4,R002,综合偿付能力充足率,综合偿付能力充足率,242,%,集团合并口径,,众安在线_2025_Q4_H股_chunks.json,,,于2025年12月31日，本集团总资产人民币467.10亿元，净资产人民币254.49亿元，分别较年初增加3.1%和21.6%；综合偿付能力充足率为242%，保持在充裕水平。,2026-08-13,0,待审核
,众安,2025,2025Q4,A001,总资产,总资产,46710,百万元,集团合并口径,,众安在线_2025_Q4_H股_chunks.json,,,于2025年12月31日，本集团总资产人民币467.10亿元，净资产人民币254.49亿元，分别较年初增加3.1%和21.6%；综合偿付能力充足率为242%，保持在充裕水平。,2026-08-13,0,待审核
,众安,2025,2025Q4,A002,投资资产,投资资产,40301.63,百万元,境内保险资金投资资产,,众安在线_2025_Q4_H股_chunks.json,,,"候选3表格中'投资资产总额'2025年12月31日余额为40,301,630千元，即40,301.63百万元。",2026-08-13,0.95,待审核
,众安,2025,2025Q4,A004,未决赔款准备金,未决赔款准备金,,百万元,,,众安在线_2025_Q4_H股_chunks.json,,,,2026-08-13,0,待审核
,众安,2025,2025Q4,A005,未到期责任准备金,未到期责任准备金,,百万元,,,众安在线_2025_Q4_H股_chunks.json,,,,2026-08-13,0,待审核
,平安,2024,2024Q2,F001,净利润,净利润,9954,百万元,财产保险业务,,中国平安_2024_Q2_A股_chunks.json,,,"财产保险业务利源分析表格中，净利润为9,954百万元（2024年上半年）。",2026-08-13,1,待审核
,平安,2024,2024Q2,F002,承保利润,承保利润,3532,百万元,财产保险业务,,中国平安_2024_Q2_A股_chunks.json,,,"表格3 (table_023): 截至6月30日止6个月 (人民币百万元) ... 承保利润 3,532 3,053 15.7",2026-08-13,0.95,待审核
,平安,2024,2024Q2,F003,保险服务收入,保险服务收入,161910,百万元,财产保险业务（平安产险）,,中国平安_2024_Q2_A股_chunks.json,,pingan_2024_q2_a_016,"2024年上半年，平安产险业务保持稳定增长，实现保险服务收入1,619.10亿元，同比增长3.9%。",2026-08-13,95,待审核
,平安,2024,2024Q2,F004,保险服务费用,保险服务费用,153557,百万元,财产保险业务（平安产险）,,中国平安_2024_Q2_A股_chunks.json,,,"表格3 (table_023): 截至6月30日止6个月 (人民币百万元) 2024年 保险服务费用 (153,557)",2026-08-13,95,待审核
,平安,2024,2024Q2,F005,投资收益,投资收益,8586,百万元,财产保险业务,,中国平安_2024_Q2_A股_chunks.json,,,"财产保险业务利源分析表格中，总投资收益(3)为8,586百万元（2024年上半年）。注(3)明确总投资收益包括非银行业务利息收入、投资收益、公允价值变动损益、其他业务收入中的投资性房地产租金收入、投资资产减值损失、卖出回购金融资产款及拆入资金利息支出。",2026-08-13,0.95,待审核
,平安,2024,2024Q2,F006,综合成本率,综合成本率,97.8,%,平安产险（财产保险业务）,,中国平安_2024_Q2_A股_chunks.json,,,"2024年上半年，平安产险业务保持稳定增长，实现保险服务收入1,619.10亿元，同比增长3.9%。平安产险整体综合成本率97.8%，同比优化0.2个百分点。",2026-08-13,0.95,待审核
,平安,2024,2024Q2,F007,综合赔付率,综合赔付率,70.6,%,财产保险业务,,中国平安_2024_Q2_A股_chunks.json,,,表格2 (table_022): 2024年上半年综合赔付率为70.6%,2026-08-13,95,待审核
,平安,2024,2024Q2,F008,综合费用率,综合费用率,27.2,%,财产保险业务,,中国平安_2024_Q2_A股_chunks.json,,,财产保险业务关键指标表格中，综合费用率(²)(%)：2024年27.2，2023年27.4。,2026-08-13,0.95,待审核
,平安,2024,2024Q2,F009,车险综合成本率,车险综合成本率,98.1,%,平安产险（财产保险业务）,车险,中国平安_2024_Q2_A股_chunks.json,,,2024年上半年，平安产险整体综合成本率97.8%，同比优化0.2个百分点，主要受保证保险业务承保损失下降影响；车险综合成本率为98.1%，同比上升1.0个百分点，主要受暴雨等自然灾害同比多发影响。,2026-08-13,95,待审核
,平安,2024,2024Q2,B001,原保险保费收入,原保险保费收入,160397,百万元,财产保险业务,,中国平安_2024_Q2_A股_chunks.json,,,"候选2表格1：截至6月30日止6个月，2024年合计原保险保费收入160,397百万元。",2026-08-13,1,待审核
,平安,2024,2024Q2,B002,车险保费收入,车险保费收入,104824,百万元,平安产险（财产保险业务）,车险,中国平安_2024_Q2_A股_chunks.json,,,"候选2表格1（table_024）：截至2024年6月30日止6个月，车险原保险保费收入104,824（人民币百万元）。",2026-08-13,100,待审核
,平安,2024,2024Q2,B003,非车险保费收入,非车险保费收入,55573,百万元,平安产险（财产保险业务）,非车险,中国平安_2024_Q2_A股_chunks.json,,,"2024年上半年原保险保费收入按险种分析：非机动车辆保险39,717百万元，意外与健康保险15,856百万元，合计55,573百万元（39,717+15,856=55,573）。",2026-08-13,90,待审核
,平安,2024,2024Q2,B005,农业保险保费,农业保险保费,7349,百万元,平安产险,农业险,中国平安_2024_Q2_A股_chunks.json,,pingan_2024_q2_a_022,2024年上半年，平安产险农业保险业务原保险保费收入73.49亿元，同比增长32.9%；农业保险综合成本率95.9%。,2026-08-13,95,待审核
,平安,2024,2024Q2,B006,健康险保费,健康险保费,10090,百万元,平安产险（财产保险业务）,健康险,中国平安_2024_Q2_A股_chunks.json,,,"候选2表格1（table_024）：健康保险原保险保费收入10,090（人民币百万元）",2026-08-13,0.95,待审核
,平安,2024,2024Q2,B011,车险保险服务收入,车险保险服务收入,108390,百万元,平安产险（财产保险业务）,车险,中国平安_2024_Q2_A股_chunks.json,,,"表格1中车险行保险服务收入为108,390（人民币百万元）",2026-08-13,0.95,待审核
,平安,2024,2024Q2,B012,非车保险服务收入,非车保险服务收入,53499,百万元,平安产险（财产保险业务）,非车险,中国平安_2024_Q2_A股_chunks.json,,,"2024年上半年平安产险保险服务收入161,910百万元，其中车险108,390百万元，非机动车辆保险41,399百万元，意外与健康保险12,121百万元。非车保险服务收入=非机动车辆保险+意外与健康保险=41,399+12,121=53,520百万元。",2026-08-13,0.9,待审核
,平安,2024,2024Q2,R001,核心偿付能力充足率,核心偿付能力充足率,181.9,%,平安产险,,中国平安_2024_Q2_A股_chunks.json,,,截至2024年6月30日，平安产险的核心偿付能力充足率、综合偿付能力充足率均显著高于监管要求。表格显示2024年6月30日平安产险核心偿付能力充足率为181.9%。,2026-08-13,95,待审核
,平安,2024,2024Q2,R002,综合偿付能力充足率,综合偿付能力充足率,205.0,%,平安产险,,中国平安_2024_Q2_A股_chunks.json,,,截至2024年6月30日，平安产险综合偿付能力充足率为205.0%（表格数据）。,2026-08-13,0.95,待审核
,平安,2024,2024Q2,A001,总资产,总资产,,百万元,,,中国平安_2024_Q2_A股_chunks.json,,,,2026-08-13,0,待审核
,平安,2024,2024Q2,A002,投资资产,投资资产,,百万元,,,中国平安_2024_Q2_A股_chunks.json,,,,2026-08-13,0,待审核
,平安,2024,2024Q2,A003,保险合同负债,保险合同负债,263209,百万元,财产保险业务（平安产险）,,中国平安_2024_Q2_A股_chunks.json,,,"2024年6月30日，平安产险保险合同负债为263,209百万元（表格table_030）。",2026-08-13,1,待审核
,人保,2024,2024Q2,F001,净利润,净利润,17457,百万元,人保财险,,中国人保_2024_Q2_A股_chunks.json,,,"2024年上半年，人保财险实现保险服务收入2,358.41亿元，同比增长5.1% ；原保险保费收入占财产险市场份额34.0% ，保持行业首位 ；实现承保利润76.20亿元，净利润174.57亿元 ；上半年综合成本率为96.8% 。",2026-08-13,1,待审核
,人保,2024,2024Q2,F002,承保利润,承保利润,7620,百万元,人保财险,,中国人保_2024_Q2_A股_chunks.json,,,2024年上半年，人保财险实现承保利润76.20亿元，同比下降6.0%。,2026-08-13,95,待审核
,人保,2024,2024Q2,F003,保险服务收入,保险服务收入,235841,百万元,人保财险,,中国人保_2024_Q2_A股_chunks.json,,,"2024年上半年，人保财险实现保险服务收入2,358.41亿元，同比增长5.1% ；……下表列明报告期内人保财险的承保利润情况：……保险服务收入 235,841（单位：百万元）",2026-08-13,1,待审核
,人保,2024,2024Q2,F004,保险服务费用,保险服务费用,217380,百万元,人保财险,,中国人保_2024_Q2_A股_chunks.json,,,"2024年上半年，人保财险保险服务费用为217,380百万元（表格table_003）。",2026-08-13,1,待审核
,人保,2024,2024Q2,F005,投资收益,投资收益,,百万元,,,中国人保_2024_Q2_A股_chunks.json,,,,2026-08-13,0,待审核
,人保,2024,2024Q2,F006,综合成本率,综合成本率,96.8,%,人保财险,,中国人保_2024_Q2_A股_chunks.json,,,2024年上半年，人保财险综合成本率96.8% ，同比上升0.4个百分点,2026-08-13,95,待审核
,人保,2024,2024Q2,F007,综合赔付率,综合赔付率,70.7,%,人保财险,,中国人保_2024_Q2_A股_chunks.json,,,"2024年上半年，人保财险实现保险服务收入2,358.41亿元，同比增长5.1% ；原保险保费收入占财产险市场份额34.0% ，保持行业首位 ；实现承保利润76.20亿元，净利润174.57亿元 ；上半年综合成本率为96.8% ，三年平均综合成本率为97.9% ，上半年综合赔付率为70.7% ，三年平均综合赔付率为71.1%。",2026-08-13,0.95,待审核
,人保,2024,2024Q2,F008,综合费用率,综合费用率,25.2,%,机动车辆险,,中国人保_2024_Q2_A股_chunks.json,,人保_2024_q2_a_003,机动车辆险综合费用率25.2%，同比下降1.8个百分点,2026-08-13,0.95,待审核
,人保,2024,2024Q2,F009,车险综合成本率,车险综合成本率,96.4,%,人保财险（机动车辆险）,车险,中国人保_2024_Q2_A股_chunks.json,,,2024年上半年，人保财险综合成本率96.8% ，其中车险综合成本率96.4% ，非车险综合成本率97.3% ；实现承保利润76.20亿元 ；实现净利润174.57亿元。,2026-08-13,100,待审核
,人保,2024,2024Q2,F010,非车险综合成本率,非车险综合成本率,97.3,%,人保财险,非车险,中国人保_2024_Q2_A股_chunks.json,,人保_2024_q2_a_001,2024年上半年，人保财险综合成本率96.8% ，其中车险综合成本率96.4% ，非车险综合成本率97.3%,2026-08-13,1,待审核
,人保,2024,2024Q2,B001,原保险保费收入,原保险保费收入,311996,百万元,人保财险,,中国人保_2024_Q2_A股_chunks.json,,,"2024年上半年，人保财险实现原保险保费收入3,119.96亿元，同比增长3.7%（候选5）。按险种列示的原保险保费收入合计为311,996百万元（候选4）。",2026-08-13,100,待审核
,人保,2024,2024Q2,B002,车险保费收入,车险保费收入,139364,百万元,人保财险,车险,中国人保_2024_Q2_A股_chunks.json,,,"候选2表格：机动车辆险2024年1-6月原保险保费收入139,364百万元",2026-08-13,1,待审核
,人保,2024,2024Q2,B003,非车险保费收入,非车险保费收入,172632,百万元,人保财险,非车险,中国人保_2024_Q2_A股_chunks.json,,人保_2024_q2_a_001,"2024年上半年，人保财险实现原保险保费收入3,119.96亿元，同比增长3.7%，市场份额占财产险市场的34.0%。其中，机动车辆险实现原保险保费收入1,393.64亿元，同比增长2.5%；非车险业务实现原保险保费收入1,726.32亿元，同比增长4.6%。",2026-08-13,100,待审核
,人保,2024,2024Q2,B005,农业保险保费,农业保险保费,45587,百万元,人保财险,农业险,中国人保_2024_Q2_A股_chunks.json,,,"候选2表格：农险原保险保费收入2024年1-6月为45,587百万元。",2026-08-13,100,待审核
,人保,2024,2024Q2,B006,健康险保费,健康险保费,76585,百万元,人保财险（财产保险业务）,健康险,中国人保_2024_Q2_A股_chunks.json,,,"候选4：人保财险按险种列示的原保险保费收入表中，'意外伤害及健康险'2024年1-6月金额为76,585百万元。该指标为财产保险业务口径，且'意外伤害及健康险'包含健康险，符合指标定义。",2026-08-13,0.85,待审核
,人保,2024,2024Q2,B009,市场份额,市场份额,34.0,%,人保财险（财产保险业务）,,中国人保_2024_Q2_A股_chunks.json,,人保_2024_q2_a_001,"2024年上半年，人保财险实现原保险保费收入3,119.96亿元，同比增长3.7% ，市场份额占财产险市场的34.0%。",2026-08-13,95,待审核
,人保,2024,2024Q2,B010,保费增长率,保费增长率,3.7,%,人保财险,,中国人保_2024_Q2_A股_chunks.json,,人保_2024_q2_a_001,"2024年上半年，人保财险实现原保险保费收入3,119.96亿元，同比增长3.7%",2026-08-13,95,待审核
,人保,2024,2024Q2,B011,车险保险服务收入,车险保险服务收入,145157,百万元,人保财险（财产保险业务）,车险,中国人保_2024_Q2_A股_chunks.json,,人保_2024_q2_a_003,"机动车辆险实现保险服务收入1,451.57亿元，同比增长5.3%。",2026-08-13,95,待审核
,人保,2024,2024Q2,B012,非车保险服务收入,非车保险服务收入,,百万元,,非车险,中国人保_2024_Q2_A股_chunks.json,,,,2026-08-13,0,待审核
,人保,2024,2024Q2,R001,核心偿付能力充足率,核心偿付能力充足率,205,%,人保财险,,中国人保_2024_Q2_A股_chunks.json,,,表格7 (table_029): 指标 | 本集团 | 人保财险 | 人保寿险 | 人保健康；核心偿付能力充足率(%) | 210 | 205 | 163 | 156,2026-08-13,0.95,待审核
,人保,2024,2024Q2,R002,综合偿付能力充足率,综合偿付能力充足率,,%,,,中国人保_2024_Q2_A股_chunks.json,,,,2026-08-13,0,待审核
,人保,2024,2024Q2,A001,总资产,总资产,737412,百万元,财产保险（人保财险）,,中国人保_2024_Q2_A股_chunks.json,,,"候选2表格1（table_031）：人保财险总资产737,412百万元",2026-08-13,1,待审核
,人保,2024,2024Q2,A002,投资资产,投资资产,1531827,百万元,集团合并口径,,中国人保_2024_Q2_A股_chunks.json,,,"候选2表格4（table_026）：投资资产 1,531,827 百万元（2024年6月30日）",2026-08-13,0,待审核
,人保,2024,2024Q2,A003,保险合同负债,保险合同负债,323546,百万元,人保财险,,中国人保_2024_Q2_A股_chunks.json,,,"候选2表格2（table_008）：人保财险采用保费分配法计量的保险合同负债(资产)为323,546百万元（2024年6月30日）。",2026-08-13,0.95,待审核
,人保,2024,2024Q2,A004,未决赔款准备金,未决赔款准备金,167682,百万元,人保财险,,中国人保_2024_Q2_A股_chunks.json,,,"2024年6月30日人保财险采用保费分配法计量的保险合同负债情况中，已发生赔款负债为167,682百万元。",2026-08-13,0.9,待审核
,人保,2024,2024Q2,A005,未到期责任准备金,未到期责任准备金,155864,百万元,人保财险,,中国人保_2024_Q2_A股_chunks.json,,,"人保财险采用保费分配法计量的保险合同负债情况表：未到期责任负债2024年6月30日为155,864百万元。",2026-08-13,0.95,待审核
,太保,2024,2024Q4,F001,净利润,净利润,7376,百万元,太保产险,,中国太保_2024_Q4_A股_chunks.json,,taibao_2024_q4_a_008,综合上述原因，2024 年太保产险实现净利润 73.76 亿元，同比增长 12.2%。,2026-08-13,100,待审核
,太保,2024,2024Q4,F002,承保利润,承保利润,2672,百万元,太保产险（财产保险业务）,,中国太保_2024_Q4_A股_chunks.json,,,"表格5 (table_016)中，太保产险利源分析显示：2024年承保利润为2,672百万元。",2026-08-13,1,待审核
,太保,2024,2024Q4,F003,保险服务收入,保险服务收入,191397,百万元,太保产险,,中国太保_2024_Q4_A股_chunks.json,,taibao_2024_q4_a_008,"2024 年，太保产险实现原保险保费收入 2,012.43 亿元，同比增长 6.8%，实现保险服务收入 1,913.97 亿元，同比增长8.1%。",2026-08-13,1,待审核
,太保,2024,2024Q4,F004,保险服务费用,保险服务费用,184658,百万元,太保产险（财产保险业务）,,中国太保_2024_Q4_A股_chunks.json,,taibao_2024_q4_a_008,"保险服务费用。2024 年保险服务费用 1,846.58 亿元，同比增长 8.5%，主要因业务规模增长带来赔付、费用的增长。其中机动车辆保险服务费用1,021.69亿元，同比增长3.9%，非机动车辆保险服务费用 824.89 亿元，同比增长 14.7%。",2026-08-13,100,待审核
,太保,2024,2024Q4,F005,投资收益,投资收益,,百万元,,,中国太保_2024_Q4_A股_chunks.json,,,,2026-08-13,0,待审核
,太保,2024,2024Q4,F006,综合成本率,综合成本率,98.6,%,太保产险,,中国太保_2024_Q4_A股_chunks.json,,,候选1：太保产险承保综合成本率98.6%；候选2：财产险业务承保综合成本率为98.6%；候选3：太保产险承保综合成本率(%) 98.6；候选4：承保综合成本率98.6%,2026-08-13,1,待审核
,太保,2024,2024Q4,F007,综合赔付率,综合赔付率,71.0,%,财产保险业务（太保产险）,,中国太保_2024_Q4_A股_chunks.json,,,财产险业务保持承保盈利，保费收入持续增长。承保综合成本率 98.6%，同比上升 0.9 个百分点。其中，承保综合费用率 27.6%，同比下降 0.9 个百分点；承保综合赔付率 71.0%，同比上升 1.8 个百分点。,2026-08-13,95,待审核
,太保,2024,2024Q4,F008,综合费用率,综合费用率,27.6,%,太保产险,,中国太保_2024_Q4_A股_chunks.json,,taibao_2024_q4_a_003,承保综合成本率 98.6%，同比上升 0.9 个百分点。其中，承保综合费用率 27.6%，同比下降 0.9 个百分点；承保综合赔付率 71.0%，同比上升 1.8 个百分点；,2026-08-13,100,待审核
,太保,2024,2024Q4,F009,车险综合成本率,车险综合成本率,98.2,%,太保产险-机动车辆险,车险,中国太保_2024_Q4_A股_chunks.json,,,"2024 年，车险原保险保费收入1,073.02 亿元，同比增长 3.7%。受大灾等因素影响，车险承保综合成本率 98.2%，同比上升 0.6 个百分点。",2026-08-13,100,待审核
,太保,2024,2024Q4,F010,非车险综合成本率,非车险综合成本率,99.1,%,太保产险（非机动车辆险）,非车险,中国太保_2024_Q4_A股_chunks.json,,taibao_2024_q4_a_008,2024年，非车险原保险保费收入939.41亿元，同比增长 10.7%；由于自然灾害频发等因素，非车险赔付率有所上升，承保综合成本率 99.1%，同比上升 1.4 个百分点。,2026-08-13,95,待审核
,太保,2024,2024Q4,B001,原保险保费收入,原保险保费收入,203541,百万元,财产险业务（太保产险、太平洋安信农险、太保香港）,,中国太保_2024_Q4_A股_chunks.json,,,"财产险业务保持承保盈利，保费收入持续增长：原保险保费收入 2,035.41 亿元，同比增长 6.8%。",2026-08-13,95,待审核
,太保,2024,2024Q4,B002,车险保费收入,车险保费收入,107302,百万元,太保产险（财产保险业务）,车险,中国太保_2024_Q4_A股_chunks.json,,taibao_2024_q4_a_008,"2024 年，车险原保险保费收入1,073.02 亿元，同比增长 3.7%。",2026-08-13,95,待审核
,太保,2024,2024Q4,B003,非车险保费收入,非车险保费收入,93941,百万元,太保产险（财产保险业务）,非车险,中国太保_2024_Q4_A股_chunks.json,,,"太保产险2024年非车险原保险保费收入939.41亿元，同比增长10.7%。表格中非机动车辆险原保险保费收入为93,941百万元。",2026-08-13,100,待审核
,太保,2024,2024Q4,B005,农业保险保费,农业保险保费,19278,百万元,太保产险,农业险,中国太保_2024_Q4_A股_chunks.json,,,2024年，太保产险农业险原保险保费收入192.78亿元，同比增长8.8%。,2026-08-13,95,待审核
,太保,2024,2024Q4,B006,健康险保费,健康险保费,20288,百万元,太保产险,健康险,中国太保_2024_Q4_A股_chunks.json,,taibao_2024_q4_a_008,健康险业务主动融入集团大健康发展战略，持续巩固政保合作平台，构建政策性业务和商业性业务发展并重的格局，加强对大病保险、意外医疗等存量业务的抢抓，加快创新业务市场布局，强化商业健康险的发展动能，同时关注健康险品质管控，优化业务成本。2024 年原保险保费收入202.88 亿，同比增长 16.9%。,2026-08-13,1,待审核
,太保,2024,2024Q4,B007,车险业务占比,车险业务占比,,%,,车险,中国太保_2024_Q4_A股_chunks.json,,,,2026-08-13,0,待审核
,太保,2024,2024Q4,B008,非车险业务占比,非车险业务占比,47.2,%,财产险业务（太保产险）,非车险,中国太保_2024_Q4_A股_chunks.json,,taibao_2024_q4_a_003,"原保险保费收入 2,035.41 亿元，同比增长 6.8%。其中，非车险保费收入同比增长 10.7%，占比达 47.2%，上升 1.6 个百分点",2026-08-13,1,待审核
,太保,2024,2024Q4,B010,保费增长率,保费增长率,6.8,%,财产险业务（太保产险）,,中国太保_2024_Q4_A股_chunks.json,,taibao_2024_q4_a_003,"原保险保费收入 2,035.41 亿元，同比增长 6.8%。",2026-08-13,0.95,待审核
,太保,2024,2024Q4,B011,车险保险服务收入,车险保险服务收入,106329,百万元,太保产险（财产保险业务）,车险,中国太保_2024_Q4_A股_chunks.json,,taibao_2024_q4_a_008,"保险服务收入。2024年保险服务收入1,913.97亿元，同比增长8.1%，主要因整体业务规模增长等影响。其中机动车辆保险服务收入1,063.29亿元，同比增长4.3%，非机动车辆保险服务收入850.68亿元，同比增长13.1%。",2026-08-13,1,待审核
,太保,2024,2024Q4,B012,非车保险服务收入,非车保险服务收入,85068,百万元,太保产险,非车险,中国太保_2024_Q4_A股_chunks.json,,taibao_2024_q4_a_008,"保险服务收入。2024 年保险服务收入 1,913.97 亿元，同比增长 8.1%，主要因整体业务规模增长等影响。其中机动车辆保险服务收入 1,063.29 亿元，同比增长 4.3%，非机动车辆保险服务收入 850.68 亿元，同比增长 13.1%。",2026-08-13,1,待审核
,太保,2024,2024Q4,R001,核心偿付能力充足率,核心偿付能力充足率,183,%,太保产险,,中国太保_2024_Q4_A股_chunks.json,,,表格5 (table_028)中，太保产险核心偿付能力充足率(%)为183,2026-08-13,1,待审核
,太保,2024,2024Q4,R002,综合偿付能力充足率,综合偿付能力充足率,222,%,太保产险,,中国太保_2024_Q4_A股_chunks.json,,,表格5 (table_028)中，太保产险综合偿付能力充足率(%)为222,2026-08-13,1,待审核
,太保,2024,2024Q4,R003,风险综合评级,风险综合评级,,评级,,,中国太保_2024_Q4_A股_chunks.json,,,,2026-08-13,0,待审核
,太保,2024,2024Q4,A001,总资产,总资产,231400,百万元,太保产险（财产保险业务）,,中国太保_2024_Q4_A股_chunks.json,,,"候选2，表格7（table_030）：主要控股、参股公司情况表中，中国太平洋财产保险股份有限公司总资产为231,400百万元。",2026-08-13,0.95,待审核
,太保,2024,2024Q4,A002,投资资产,投资资产,,百万元,,,中国太保_2024_Q4_A股_chunks.json,,,,2026-08-13,0,待审核
,太保,2024,2024Q4,A003,保险合同负债,保险合同负债,,百万元,,,中国太保_2024_Q4_A股_chunks.json,,,,2026-08-13,0,待审核
,太保,2024,2024Q4,A004,未决赔款准备金,未决赔款准备金,105497,百万元,太保产险（财产保险业务）,,中国太保_2024_Q4_A股_chunks.json,,,"表格6 (table_029): 已发生赔款负债 2024年12月31日 105,497 百万元",2026-08-13,0.95,待审核
,太保,2024,2024Q4,A005,未到期责任准备金,未到期责任准备金,,百万元,,,中国太保_2024_Q4_A股_chunks.json,,,"候选文本中披露的未到期责任负债为集团合并口径（2024年12月31日余额2,124,017百万元），未找到太保产险单独口径的未到期责任准备金数据。",2026-08-13,0,待审核
,太保,2025,2025Q2,F001,净利润,净利润,5733,百万元,太保产险,,中国太保_2025_Q2_A股_chunks.json,,taibao_2025_q2_a_008,2025年上半年太保产险实现净利润57.33亿元，同比增长19.6%。,2026-08-13,95,待审核
,太保,2025,2025Q2,F002,承保利润,承保利润,3550,百万元,太保产险,,中国太保_2025_Q2_A股_chunks.json,,,"2025年上半年，太保产险实现原保险保费收入 1,127.60 亿元，同比增长 0.9%，保险服务收入 968.31 亿元，同比增长 4.0%。实现承保利润 35.50 亿元，同比增长 30.9%。",2026-08-13,100,待审核
,太保,2025,2025Q2,F003,保险服务收入,保险服务收入,96831,百万元,太保产险,,中国太保_2025_Q2_A股_chunks.json,,,2025年上半年太保产险实现保险服务收入968.31亿元，同比增长4.0%。其中机动车辆保险服务收入539.31亿元，非机动车辆保险服务收入429.00亿元。,2026-08-13,95,待审核
,太保,2025,2025Q2,F004,保险服务费用,保险服务费用,91183,百万元,太保产险,,中国太保_2025_Q2_A股_chunks.json,,taibao_2025_q2_a_008,保险服务费用。2025 年上半年保险服务费用 911.83 亿元，同比增长 3.5%。其中机动车辆保险服务费用 508.36 亿元，同比增长 1.9%；非机动车辆保险服务费用 403.47 亿元，同比增长 5.5%。,2026-08-13,1,待审核
,太保,2025,2025Q2,F005,投资收益,投资收益,,百万元,,,中国太保_2025_Q2_A股_chunks.json,,,,2026-08-13,0,待审核
,太保,2025,2025Q2,F006,综合成本率,综合成本率,96.4,%,财产险业务（含太保产险、太平洋安信农险及太保香港）,,中国太保_2025_Q2_A股_chunks.json,,,业绩概述：财产险业务注6 承保综合成本率为 96.4%，同比下降 0.7 个百分点。,2026-08-13,0.9,待审核
,太保,2025,2025Q2,F007,综合赔付率,综合赔付率,69.5,%,太保产险,,中国太保_2025_Q2_A股_chunks.json,,taibao_2025_q2_a_008,承保综合赔付率 69.5%，同比下降 0.1 个百分点,2026-08-13,95,待审核
,太保,2025,2025Q2,F008,综合费用率,综合费用率,26.8,%,太保产险,,中国太保_2025_Q2_A股_chunks.json,,,"2025年上半年，太保产险实现原保险保费收入1,127.60亿元，同比增长0.9%，保险服务收入968.31亿元，同比增长4.0%。实现承保利润35.50亿元，同比增长30.9%。承保综合成本率96.3%，同比下降0.8个百分点，其中承保综合赔付率69.5%，同比下降0.1个百分点，承保综合费用率26.8%，同比下降0.7个百分点。",2026-08-13,0.95,待审核
,太保,2025,2025Q2,F009,车险综合成本率,车险综合成本率,95.3,%,太保产险-机动车辆险,车险,中国太保_2025_Q2_A股_chunks.json,,taibao_2025_q2_a_008,车险承保综合成本率 95.3%，同比下降 1.8 个百分点。,2026-08-13,0.95,待审核
,太保,2025,2025Q2,F010,非车险综合成本率,非车险综合成本率,97.6,%,太保产险非机动车辆险,非车险,中国太保_2025_Q2_A股_chunks.json,,taibao_2025_q2_a_008,非车险整体承保综合成本率 97.6%，同比上升 0.4 个百分点，剔除个人信用保证保险业务影响后，非车险承保综合成本率94.8%，同比下降2.3个百分点。,2026-08-13,0.95,待审核
,太保,2025,2025Q2,B001,原保险保费收入,原保险保费收入,114186,百万元,财产保险业务（太保产险、太平洋安信农险、太保香港）,,中国太保_2025_Q2_A股_chunks.json,,,"原保险保费收入 1,141.86 亿元，同比增长 0.9%（候选4，财产险业务口径）",2026-08-13,95,待审核
,太保,2025,2025Q2,B002,车险保费收入,车险保费收入,53606,百万元,太保产险,车险,中国太保_2025_Q2_A股_chunks.json,,taibao_2025_q2_a_008,2025年上半年，车险原保险保费收入536.06亿元，同比增长2.8%,2026-08-13,100,待审核
,太保,2025,2025Q2,B003,非车险保费收入,非车险保费收入,59154,百万元,太保产险,非车险,中国太保_2025_Q2_A股_chunks.json,,,"2025年上半年，非车险原保险保费收入591.54亿元，同比下降0.8%。表格1中非机动车辆险原保险保费收入为59,154百万元。",2026-08-13,1,待审核
,太保,2025,2025Q2,B005,农业保险保费,农业保险保费,14293,百万元,太保产险,农业险,中国太保_2025_Q2_A股_chunks.json,,,"2025年上半年原保险保费收入142.93亿元，同比增长4.7%（表格1中农业险原保险保费收入14,293百万元）",2026-08-13,0.95,待审核
,太保,2025,2025Q2,B006,健康险保费,健康险保费,15519,百万元,太保产险,健康险,中国太保_2025_Q2_A股_chunks.json,,,"2025年上半年，健康险业务原保险保费收入155.19亿元，同比下降3.8%（候选1正文）；表格1中健康险原保险保费收入15,519百万元（候选1表格1）。",2026-08-13,100,待审核
,太保,2025,2025Q2,B007,车险业务占比,车险业务占比,47.54,%,太保产险,车险,中国太保_2025_Q2_A股_chunks.json,,,"2025年上半年太保产险原保险保费收入1,127.60亿元，其中机动车辆险原保险保费收入536.06亿元。车险业务占比 = 536.06 / 1,127.60 × 100% = 47.54%。",2026-08-13,0.95,待审核
,太保,2025,2025Q2,B011,车险保险服务收入,车险保险服务收入,53931,百万元,太保产险（财产保险业务）,车险,中国太保_2025_Q2_A股_chunks.json,,,"2025年上半年保险服务收入968.31亿元，其中机动车辆保险服务收入539.31亿元（表格6：机动车辆险保险服务收入53,931百万元）。",2026-08-13,1,待审核
,太保,2025,2025Q2,B012,非车保险服务收入,非车保险服务收入,42900,百万元,太保产险,非车险,中国太保_2025_Q2_A股_chunks.json,,taibao_2025_q2_a_008,保险服务收入。2025 年上半年保险服务收入 968.31 亿元，同比增长 4.0%，高于保费收入增速。其中机动车辆保险服务收入 539.31 亿元，同比增长 3.0%，非机动车辆保险服务收入 429.00 亿元，同比增长 5.4%。,2026-08-13,100,待审核
,太保,2025,2025Q2,R001,核心偿付能力充足率,核心偿付能力充足率,196,%,太保产险,,中国太保_2025_Q2_A股_chunks.json,,,表格1 (table_022)中，太保产险2025年6月30日核心偿付能力充足率(%)为196。,2026-08-13,1,待审核
,太保,2025,2025Q2,R002,综合偿付能力充足率,综合偿付能力充足率,241,%,太保产险,,中国太保_2025_Q2_A股_chunks.json,,,候选2表格1中，太保产险2025年6月30日综合偿付能力充足率为241%。,2026-08-13,1,待审核
,太保,2025,2025Q2,A001,总资产,总资产,244389,百万元,太保产险,,中国太保_2025_Q2_A股_chunks.json,,,"候选2表格3（table_024）中，中国太平洋财产保险股份有限公司（太保产险）的总资产为244,389百万元。",2026-08-13,1,待审核
,太保,2025,2025Q2,A002,投资资产,投资资产,,百万元,,,中国太保_2025_Q2_A股_chunks.json,,,,2026-08-13,0,待审核
,太保,2025,2025Q2,A003,保险合同负债,保险合同负债,,百万元,,,中国太保_2025_Q2_A股_chunks.json,,,,2026-08-13,0,待审核
,太保,2025,2025Q2,A004,未决赔款准备金,未决赔款准备金,,百万元,,,中国太保_2025_Q2_A股_chunks.json,,,,2026-08-13,0,待审核
,太保,2025,2025Q2,A005,未到期责任准备金,未到期责任准备金,,百万元,,,中国太保_2025_Q2_A股_chunks.json,,,,2026-08-13,0,待审核
,阳光,2025,2025Q4,F002,承保利润,承保利润,-1026,百万元,阳光财险（财产保险业务）,,中国阳光_2025_Q4_H股_chunks.json,,,"表格2 (table_015): 承保利潤 (1,026)",2026-08-13,95,待审核
,阳光,2025,2025Q4,F003,保险服务收入,保险服务收入,48331,百万元,阳光财险,,中国阳光_2025_Q4_H股_chunks.json,,,"候选3表格中'陽光財險'行：保險服務收入 48,331（单位：人民币百万元）",2026-08-13,0.95,待审核
,阳光,2025,2025Q4,F004,保险服务费用,保险服务费用,48821,百万元,阳光财险,,中国阳光_2025_Q4_H股_chunks.json,,,"表格1 (table_002): 阳光财险 保险服务费用 48,821 (2025年1-12月)",2026-08-13,1,待审核
,阳光,2025,2025Q4,F005,投资收益,投资收益,,百万元,,,中国阳光_2025_Q4_H股_chunks.json,,,,2026-08-13,0,待审核
,阳光,2025,2025Q4,F006,综合成本率,综合成本率,102.1,%,阳光财险,,中国阳光_2025_Q4_H股_chunks.json,,,候选1：承保综合成本率(3)102.1%；候选2：表格中阳光财险承保综合成本率(5)102.1%；候选4：承保综合成本率102.1%,2026-08-13,1,待审核
,阳光,2025,2025Q4,F007,综合赔付率,综合赔付率,71.7,%,财产保险业务（合并口径）,,中国阳光_2025_Q4_H股_chunks.json,,,表格2 (table_015): 承保綜合賠付率(2) 2025年 71.7%,2026-08-13,0.95,待审核
,阳光,2025,2025Q4,F008,综合费用率,综合费用率,30.4,%,财产保险业务,,中国阳光_2025_Q4_H股_chunks.json,,,表格2 (table_015): 承保綜合費用率(1) 30.4%,2026-08-13,0.95,待审核
,阳光,2025,2025Q4,B001,原保险保费收入,原保险保费收入,47890,百万元,财产保险业务（阳光财险）,,中国阳光_2025_Q4_H股_chunks.json,,,財險(2)業務保持增長，結構持續優化。原保險保費收入478.9億元，同比增長0.1%；註2:財險業務指陽光財險的業務。,2026-08-13,1,待审核
,阳光,2025,2025Q4,B004,非车非保证险保费,非车非保证险保费,43644,百万元,阳光财险,非车险,中国阳光_2025_Q4_H股_chunks.json,,,"候选4表格1(table_014)中，2025年原保险保费收入合计47,888百万元，其中保证险4,244百万元。非车非保证险保费=合计-机动车辆险-保证险=47,888-25,830-4,244=17,814百万元。",2026-08-13,0.85,待审核
,阳光,2025,2025Q4,B005,农业保险保费,农业保险保费,,百万元,,农业险,中国阳光_2025_Q4_H股_chunks.json,,,,2026-08-13,0,待审核
,阳光,2025,2025Q4,B006,健康险保费,健康险保费,,百万元,,健康险,中国阳光_2025_Q4_H股_chunks.json,,,,2026-08-13,0,待审核
,阳光,2025,2025Q4,R001,核心偿付能力充足率,核心偿付能力充足率,172,%,阳光财险,,中国阳光_2025_Q4_H股_chunks.json,,,截至2025年12月31日，陽光財險核心償付能力充足率(%)为172。,2026-08-13,95,待审核
,阳光,2025,2025Q4,R002,综合偿付能力充足率,综合偿付能力充足率,237,%,阳光财险,,中国阳光_2025_Q4_H股_chunks.json,,,候选2表格table_027中，阳光财险2025年12月31日综合偿付能力充足率为237%,2026-08-13,1,待审核
,阳光,2025,2025Q4,A001,总资产,总资产,673339,百万元,集团合并口径,,中国阳光_2025_Q4_H股_chunks.json,,,"候选1表格：2025年12月31日總資產673,339（人民幣百萬元）",2026-08-13,0,待审核
,阳光,2025,2025Q4,A002,投资资产,投资资产,,百万元,,,中国阳光_2025_Q4_H股_chunks.json,,,,2026-08-13,0,待审核
,平安,2025,2025Q4,F001,净利润,净利润,14597,百万元,财产保险,,中国平安_2025_Q4_A股_chunks.json,,,财务报表附注中的分部报告表格,2026-08-14,1,待审核
,平安,2025,2025Q4,F002,承保利润,承保利润,10717,百万元,财产保险业务,,中国平安_2025_Q4_A股_chunks.json,,,"承保利润 10,717",2026-08-14,1,待审核
,平安,2025,2025Q4,F003,保险服务收入,保险服务收入,338912,百万元,财产保险,,中国平安_2025_Q4_A股_chunks.json,,,"表格2 (table_031): 保险服务收入 338,912",2026-08-14,1,待审核
,平安,2025,2025Q4,F004,保险服务费用,保险服务费用,320380,百万元,财产保险业务（平安产险）,,中国平安_2025_Q4_A股_chunks.json,,,"财务报表附注2025年度（除特别注明外，金额单位为人民币百万元）七、分部报告：保险服务费用 财产保险 (320,380)",2026-08-14,1,待审核
,平安,2025,2025Q4,F005,投资收益,投资收益,8455,百万元,财产保险业务,,中国平安_2025_Q4_A股_chunks.json,,pingan_2025_q4_a_557,财务报表附注2025年度（除特别注明外，金额单位为人民币百万元）,2026-08-14,1,待审核
,平安,2025,2025Q4,F006,综合成本率,综合成本率,96.8,%,财产保险业务,,中国平安_2025_Q4_A股_chunks.json,,pingan_2025_q4_a_024,整体综合成本率96.8%，同比优化1.5个百分点，持续保持良好的盈利能力,2026-08-14,1,待审核
,平安,2025,2025Q4,F007,综合赔付率,综合赔付率,70.4,%,财产保险业务,,中国平安_2025_Q4_A股_chunks.json,,,表格2 (table_031): 综合赔付率(4)(%) 70.4,2026-08-14,1,待审核
,平安,2025,2025Q4,F008,综合费用率,综合费用率,26.4,%,平安产险,,中国平安_2025_Q4_A股_chunks.json,,,财产保险业务关键指标：综合费用率(3)(%) 2025年 26.4,2026-08-14,95,待审核
,平安,2025,2025Q4,F009,车险综合成本率,车险综合成本率,95.8,%,平安产险（财产保险业务）,车险,中国平安_2025_Q4_A股_chunks.json,,,候选2：车险综合成本率95.8%，同比优化2.3个百分点，持续优于市场平均水平；候选4：车险综合成本率95.8%，同比优化2.3个百分点；候选5：车险综合成本率95.8%，同比优化2.3个百分点；候选1表格1：车险综合成本率95.8%；候选3表格：车险综合成本率95.8%,2026-08-14,1,待审核
,平安,2025,2025Q4,F010,非车险综合成本率,非车险综合成本率,,%,,非车险,中国平安_2025_Q4_A股_chunks.json,,,,2026-08-14,0,待审核
,平安,2025,2025Q4,B001,原保险保费收入,原保险保费收入,343168,百万元,财产保险业务,,中国平安_2025_Q4_A股_chunks.json,,,表格2 (table_036): 原保险保费收入按险种分析,2026-08-14,1,待审核
,平安,2025,2025Q4,B002,车险保费收入,车险保费收入,230362,百万元,财产保险业务,车险,中国平安_2025_Q4_A股_chunks.json,,pingan_2025_q4_a_158,"原保险保费收入2,303.62亿元，同比增长3.2%；综合成本率95.8%，同比优化2.3个百分点，主要得益于车险深化“报行合一”改革，持续推进费用精细化管理、优化费用投入。",2026-08-14,1,待审核
,平安,2025,2025Q4,B003,非车险保费收入,非车险保费收入,112806,百万元,意外伤害及健康保险、责任保险、农业保险、货物运输保险、其他险种,非车险,中国平安_2025_Q4_A股_chunks.json,,,"表格2 (table_036): 非车险保费收入 = 意外伤害及健康保险 + 责任保险 + 农业保险 + 货物运输保险 + 其他险种 = 38,239 + 24,262 + 12,470 + 10,658 + 27,177 = 112,806 百万元",2026-08-14,0.95,待审核
,平安,2025,2025Q4,B005,农业保险保费,农业保险保费,1247,百万元,财产保险业务,农业险,中国平安_2025_Q4_A股_chunks.json,,,"表格2 (table_036): 农业保险 12,470 百万元",2026-08-14,1,待审核
,平安,2025,2025Q4,B006,健康险保费,健康险保费,,百万元,,健康险,中国平安_2025_Q4_A股_chunks.json,,,,2026-08-14,0,待审核
,平安,2025,2025Q4,B009,市场份额,市场份额,27.7,%,新能源车险,,中国平安_2025_Q4_A股_chunks.json,,pingan_2025_q4_a_158,"2025年，承保新能源车1,284万辆，同比增长44.8%，新能源车险原保险保费收入524.80亿元，同比增长39.0%，市场份额27.7%",2026-08-14,0.7,待审核
,平安,2025,2025Q4,B011,车险保险服务收入,车险保险服务收入,228495,百万元,平安产险（财产保险业务）,车险,中国平安_2025_Q4_A股_chunks.json,,,"财产保险业务关键指标表格：车险保险服务收入228,495百万元（2025年）",2026-08-14,0.95,待审核
,平安,2025,2025Q4,B012,非车保险服务收入,非车保险服务收入,110417,百万元,财产保险业务（平安产险）,非车险,中国平安_2025_Q4_A股_chunks.json,,,"财产保险业务关键指标：保险服务收入338,912百万元，其中：车险228,495百万元，非机动车辆保险110,417百万元。",2026-08-14,95,待审核
,平安,2025,2025Q4,R001,核心偿付能力充足率,核心偿付能力充足率,173.5,%,平安产险,,中国平安_2025_Q4_A股_chunks.json,,,候选3：财务报表附注2025年度，表格table_292中，2025年12月31日平安产险核心偿付能力充足率为173.5%。,2026-08-14,95,待审核
,平安,2025,2025Q4,R002,综合偿付能力充足率,综合偿付能力充足率,217.1,%,平安产险（财产保险业务）,,中国平安_2025_Q4_A股_chunks.json,,,候选5（董事长致辞专业，您心中的平安）表格中“财产保险业务”部分：综合偿付能力充足率(%) 217.1,2026-08-14,0.95,待审核
,平安,2025,2025Q4,A001,总资产,总资产,561927,百万元,财产保险,,中国平安_2025_Q4_A股_chunks.json,,pingan_2025_q4_a_679,分部资产合计,2026-08-14,100,待审核
,平安,2025,2025Q4,A002,投资资产,投资资产,,百万元,,,中国平安_2025_Q4_A股_chunks.json,,,,2026-08-14,0,待审核
,平安,2025,2025Q4,A003,保险合同负债,保险合同负债,307761,百万元,财产保险,,中国平安_2025_Q4_A股_chunks.json,,,"财务报表附注-分部报告，财产保险分部保险合同负债为307,761百万元",2026-08-14,0.95,待审核
,平安,2025,2025Q4,A004,未决赔款准备金,未决赔款准备金,74562,百万元,财产保险,,中国平安_2025_Q4_A股_chunks.json,,pingan_2025_q4_a_557,财务报表附注2025年度（除特别注明外，金额单位为人民币百万元）,2026-08-14,0.9,待审核
,平安,2025,2025Q4,A005,未到期责任准备金,未到期责任准备金,,百万元,,,中国平安_2025_Q4_A股_chunks.json,,,,2026-08-14,0,待审核
,平安,2023,2023Q4,F001,净利润,净利润,8958,百万元,财产保险业务,,中国平安_2023_Q4_A股_chunks.json,,,"主要业务经营分析业绩综述中，表格1（table_002）显示财产保险业务2023年净利润为8,958百万元。",2026-08-18,95,待审核
,平安,2023,2023Q4,F002,承保利润,承保利润,-2083,百万元,平安产险（财产保险业务）,,中国平安_2023_Q4_A股_chunks.json,,,"主要业务经营分析财产保险业务，财产保险业务利源分析表：承保利润 (2,083) 百万元",2026-08-18,95,待审核
,平安,2023,2023Q4,F003,保险服务收入,保险服务收入,313458,百万元,平安产险（财产保险业务）,,中国平安_2023_Q4_A股_chunks.json,,pingan_2023_q4_a_017,"2023年，平安产险实现保险服务收入3,134.58亿元，同比增长6.5%；整体综合成本率、车险业务综合成本率分别为100.7%、97.7%，车险业务优于市场平均水平。其中剔除保证保险影响，整体综合成本率为98.4%；若剔除自然灾害影响，车险综合成本率为96.6%。",2026-08-18,1,待审核
,平安,2023,2023Q4,F004,保险服务费用,保险服务费用,306390,百万元,财产保险业务（平安产险）,,中国平安_2023_Q4_A股_chunks.json,,,"主要业务经营分析财产保险业务-财产保险业务利源分析：保险服务费用(306,390)百万元",2026-08-18,1,待审核
,平安,2023,2023Q4,F005,投资收益,投资收益,12316,百万元,财产保险业务,,中国平安_2023_Q4_A股_chunks.json,,,"财产保险业务利源分析表中，总投资收益(3)为12,316百万元，注(3)说明总投资收益包括非银行业务利息收入、投资收益、公允价值变动损益、其他业务收入中的投资性房地产租金收入、投资资产减值损失、卖出回购金融资产款及拆入资金利息支出。",2026-08-18,90,待审核
,平安,2023,2023Q4,F006,综合成本率,综合成本率,100.7,%,平安产险（财产保险业务整体）,,中国平安_2023_Q4_A股_chunks.json,,pingan_2023_q4_a_017,"2023年，平安产险实现保险服务收入3,134.58亿元，同比增长6.5%；整体综合成本率、车险业务综合成本率分别为100.7%、97.7%",2026-08-18,95,待审核
,平安,2023,2023Q4,F007,综合赔付率,综合赔付率,71.5,%,平安产险（财产保险业务）,,中国平安_2023_Q4_A股_chunks.json,,,财产保险业务关键指标表格中，综合赔付率(3)2023年为71.5%。注(3)综合赔付率=(已决赔付+未决赔付+亏损合同损益+(分出保费的分摊-摊回保险服务费用）+(承保财务损益-分出再保险财务损益）+提取保费准备金)/保险服务收入。,2026-08-18,95,待审核
,平安,2023,2023Q4,F008,综合费用率,综合费用率,29.2,%,平安产险（财产保险业务）,,中国平安_2023_Q4_A股_chunks.json,,,财产保险业务关键指标表格中，综合费用率(²)(%) 2023年为29.2。注(2)明确综合费用率=(获取费用摊销+维持费用)/保险服务收入。,2026-08-18,95,待审核
,平安,2023,2023Q4,F009,车险综合成本率,车险综合成本率,97.7,%,平安产险（财产保险业务）,车险,中国平安_2023_Q4_A股_chunks.json,,pingan_2023_q4_a_020,"2023年，车险业务原保险保费收入2,138.51亿元，同比增长6.2%，承保车辆数同比增长6.4%。同时，平安产险通过积极推进风险减量，构建新能源专属定价、服务、理赔体系，持续提升车险盈利能力，车险业务综合成本率97.7%，若剔除自然灾害影响，车险业务综合成本率96.6%。",2026-08-18,1,待审核
,平安,2023,2023Q4,B001,原保险保费收入,原保险保费收入,302160,百万元,平安产险（财产保险业务）,,中国平安_2023_Q4_A股_chunks.json,,,"2023年，平安产险财产保险业务原保险保费收入合计302,160百万元（表格2：车险213,851 + 非机动车辆保险64,899 + 意外与健康保险23,410 = 302,160）。",2026-08-18,0.95,待审核
,平安,2023,2023Q4,B002,车险保费收入,车险保费收入,213851,百万元,平安产险（财产保险业务）,车险,中国平安_2023_Q4_A股_chunks.json,,,"候选2表格1（table_025）中，车险原保险保费收入为213,851百万元；候选3表格2（table_028）中，车险原保险保费收入为213,851百万元；候选4正文中，车险业务原保险保费收入2,138.51亿元，换算为213,851百万元。",2026-08-18,1,待审核
,平安,2023,2023Q4,B003,非车险保费收入,非车险保费收入,88309,百万元,平安产险,非车险,中国平安_2023_Q4_A股_chunks.json,,,"候选3表格2（table_028）：非机动车辆保险原保险保费收入64,899百万元，意外与健康保险原保险保费收入23,410百万元，合计88,309百万元。",2026-08-18,95,待审核
,平安,2023,2023Q4,B006,健康险保费,健康险保费,13250,百万元,平安产险,健康险,中国平安_2023_Q4_A股_chunks.json,,,"候选2表格中，健康保险原保险保费收入为13,250百万元。",2026-08-18,0.95,待审核
,平安,2023,2023Q4,B010,保费增长率,保费增长率,,%,,,中国平安_2023_Q4_A股_chunks.json,,,,2026-08-18,0,待审核
,平安,2023,2023Q4,B011,车险保险服务收入,车险保险服务收入,209538,百万元,平安产险（财产保险业务）,车险,中国平安_2023_Q4_A股_chunks.json,,,"表格1 (table_025)中，车险保险服务收入为209,538（人民币百万元）",2026-08-18,1,待审核
,平安,2023,2023Q4,B012,非车保险服务收入,非车保险服务收入,103920,百万元,平安产险（财产保险业务）,非车险,中国平安_2023_Q4_A股_chunks.json,,,"2023年平安产险保险服务收入313,458百万元，其中：车险209,538百万元，非机动车辆保险82,041百万元，意外与健康保险21,879百万元。非车保险服务收入=非机动车辆保险+意外与健康保险=82,041+21,879=103,920百万元。",2026-08-18,0.95,待审核
,平安,2023,2023Q4,R001,核心偿付能力充足率,核心偿付能力充足率,169.4,%,平安产险（财产保险业务）,,中国平安_2023_Q4_A股_chunks.json,,,截至2023年12月31日，平安产险的核心偿付能力充足率为169.4%（表格：核心偿付能力充足率(%) 2023年12月31日 169.4）,2026-08-18,1,待审核
,平安,2023,2023Q4,R002,综合偿付能力充足率,综合偿付能力充足率,207.8,%,平安产险（财产保险业务）,,中国平安_2023_Q4_A股_chunks.json,,,截至2023年12月31日，平安产险的核心偿付能力充足率、综合偿付能力充足率均显著高于监管要求。表格中综合偿付能力充足率(%)为207.8。,2026-08-18,95,待审核
,平安,2023,2023Q4,A001,总资产,总资产,,百万元,,,中国平安_2023_Q4_A股_chunks.json,,,,2026-08-18,0,待审核
,平安,2023,2023Q4,A002,投资资产,投资资产,4722228,百万元,集团保险资金投资组合,,中国平安_2023_Q4_A股_chunks.json,,,"候选3表格：投资资产合计 4,722,228 百万元（2023年12月31日）",2026-08-18,0,待审核
,平安,2023,2023Q4,A003,保险合同负债,保险合同负债,261153,百万元,财产保险业务（平安产险）,,中国平安_2023_Q4_A股_chunks.json,,,"候选4：平安产险再保险安排章节表格2（table_031）中披露：保险合同负债 261,153（2023年12月31日，人民币百万元）",2026-08-18,1,待审核
,人保,2023,2023Q4,F001,净利润,净利润,10123,百万元,人保财险,,中国人保_2023_Q4_A股_chunks.json,,,候选3：经营状况及成果分析章节中，正文提到“净利润 亿元，同比下降13.3%”，结合上下文及表格，该净利润为人保财险口径。原文为“净利润 亿元”，根据上下文推断为101.23亿元，换算为百万元为10123。,2026-08-18,85,待审核
,人保,2023,2023Q4,F002,承保利润,承保利润,11073,百万元,人保财险,,中国人保_2023_Q4_A股_chunks.json,,,"经营状况及成果分析：下表列明报告期内人保财险的承保利润情况，承保利润为11,073百万元。",2026-08-18,95,待审核
,人保,2023,2023Q4,F003,保险服务收入,保险服务收入,457203,百万元,人保财险,,中国人保_2023_Q4_A股_chunks.json,,,"经营状况及成果分析章节中，人保财险承保利润情况表（table_010）显示：保险服务收入 457,203 百万元。",2026-08-18,1,待审核
,人保,2023,2023Q4,F004,保险服务费用,保险服务费用,431991,百万元,人保财险,,中国人保_2023_Q4_A股_chunks.json,,,"候选2表格1（table_010）中，人保财险2023年保险服务费用为431,991百万元。",2026-08-18,1,待审核
,人保,2023,2023Q4,F005,投资收益,投资收益,,百万元,,,中国人保_2023_Q4_A股_chunks.json,,,,2026-08-18,0,待审核
,人保,2023,2023Q4,F006,综合成本率,综合成本率,97.6,%,人保财险,,中国人保_2023_Q4_A股_chunks.json,,,候选3表格1中：人保财险综合成本率(3)(%) 2023年为97.6。,2026-08-18,1,待审核
,人保,2023,2023Q4,F007,综合赔付率,综合赔付率,70.4,%,人保财险,,中国人保_2023_Q4_A股_chunks.json,,,表格1 (table_005): 人保财险 综合赔付率(4)(%) 2023年 70.4,2026-08-18,100,待审核
,人保,2023,2023Q4,F008,综合费用率,综合费用率,,%,,,中国人保_2023_Q4_A股_chunks.json,,,,2026-08-18,0,待审核
,人保,2023,2023Q4,F009,车险综合成本率,车险综合成本率,96.9,%,人保财险-机动车辆险,车险,中国人保_2023_Q4_A股_chunks.json,,,候选2表格2（table_011）中，机动车辆险综合成本率为96.9%,2026-08-18,0.95,待审核
,人保,2023,2023Q4,F010,非车险综合成本率,非车险综合成本率,,%,,非车险,中国人保_2023_Q4_A股_chunks.json,,,,2026-08-18,0,待审核
,人保,2023,2023Q4,B001,原保险保费收入,原保险保费收入,515807,百万元,人保财险,,中国人保_2023_Q4_A股_chunks.json,,,"下表列明报告期内人保财险按险种列示的原保险保费收入：单位：百万元。表格中合计为515,807百万元。",2026-08-18,100,待审核
,人保,2023,2023Q4,B002,车险保费收入,车险保费收入,285626,百万元,人保财险,车险,中国人保_2023_Q4_A股_chunks.json,,,"中国人保2023年年报，按险种分析章节，表格中'机动车辆险'2023年原保险保费收入为285,626百万元。",2026-08-18,1,待审核
,人保,2023,2023Q4,B003,非车险保费收入,非车险保费收入,230181,百万元,人保财险（财产保险业务）,非车险,中国人保_2023_Q4_A股_chunks.json,,,"候选3表格中人保财险按险种列示的原保险保费收入：机动车辆险285,626百万元，合计515,807百万元。非车险保费收入=合计-机动车辆险=515,807-285,626=230,181百万元。",2026-08-18,0.95,待审核
,人保,2023,2023Q4,B005,农业保险保费,农业保险保费,58229,百万元,人保财险,农业险,中国人保_2023_Q4_A股_chunks.json,,,"中国人保2023年年报，按险种分析章节，表格中'农险'险种2023年原保险保费收入为58,229百万元。",2026-08-18,1,待审核
,人保,2023,2023Q4,B006,健康险保费,健康险保费,92228,百万元,人保财险（财产保险业务）,健康险,中国人保_2023_Q4_A股_chunks.json,,,"候选2：人保财险按险种列示的原保险保费收入表中，'意外伤害及健康险'2023年金额为92,228百万元。该指标为财产保险业务口径，且'意外伤害及健康险'包含健康险，符合指标定义。",2026-08-18,0.85,待审核
,人保,2023,2023Q4,B009,市场份额,市场份额,32.5,%,人保财险,,中国人保_2023_Q4_A股_chunks.json,,,表格1 (table_005): 人保财险 市场份额(2) 32.5,2026-08-18,1,待审核
,人保,2023,2023Q4,B010,保费增长率,保费增长率,6.3,%,人保财险,,中国人保_2023_Q4_A股_chunks.json,,,"人保财险按渠道类别统计的原保险保费收入，2023年合计515,807百万元，2022年合计485,434百万元，增减6.3%",2026-08-18,95,待审核
,人保,2023,2023Q4,B011,车险保险服务收入,车险保险服务收入,282117,百万元,人保财险（财产保险业务）,车险,中国人保_2023_Q4_A股_chunks.json,,,"表格2（table_011）中机动车辆险保险服务收入为282,117百万元。",2026-08-18,1,待审核
,人保,2023,2023Q4,B012,非车保险服务收入,非车保险服务收入,175086,百万元,人保财险（财产保险业务）,非车险,中国人保_2023_Q4_A股_chunks.json,,,"人保财险2023年保险服务收入合计457,203百万元，其中机动车辆险282,117百万元，非车险保险服务收入=457,203-282,117=175,086百万元。",2026-08-18,0.9,待审核
,人保,2023,2023Q4,R001,核心偿付能力充足率,核心偿付能力充足率,209,%,人保财险,,中国人保_2023_Q4_A股_chunks.json,,,表格6 (table_036): 人保财险 核心偿付能力充足率(%) 209,2026-08-18,0.95,待审核
,人保,2023,2023Q4,R002,综合偿付能力充足率,综合偿付能力充足率,232,%,人保财险,,中国人保_2023_Q4_A股_chunks.json,,,表格6 (table_036): 人保财险 综合偿付能力充足率(%) 232,2026-08-18,1,待审核
,人保,2023,2023Q4,A001,总资产,总资产,704098,百万元,人保财险,,中国人保_2023_Q4_A股_chunks.json,,,"候选4表格中，人保财险总资产为704,098百万元。",2026-08-18,100,待审核
,人保,2023,2023Q4,A002,投资资产,投资资产,,百万元,,,中国人保_2023_Q4_A股_chunks.json,,,,2026-08-18,0,待审核
,人保,2023,2023Q4,A003,保险合同负债,保险合同负债,307928,百万元,人保财险（采用保费分配法计量的保险合同负债）,,中国人保_2023_Q4_A股_chunks.json,,,"候选5表格1：人保财险采用保费分配法计量的保险合同负债(资产)为307,928百万元。",2026-08-18,0.85,待审核
,人保,2023,2023Q4,A004,未决赔款准备金,未决赔款准备金,154460,百万元,人保财险（财产保险业务）,,中国人保_2023_Q4_A股_chunks.json,,,"人保财险采用保费分配法计量的保险合同负债情况中，已发生赔款负债为154,460百万元（2023年12月31日）。",2026-08-18,90,待审核
,人保,2023,2023Q4,A005,未到期责任准备金,未到期责任准备金,153468,百万元,人保财险（财产保险业务）,,中国人保_2023_Q4_A股_chunks.json,,,"人保财险采用保费分配法计量的保险合同负债情况：未到期责任负债2023年12月31日为153,468百万元。",2026-08-18,0.9,待审核
,阳光,2023,2023Q4,F002,承保利润,承保利润,572,百万元,财产保险业务（阳光财险）,,中国阳光_2023_Q4_H股_chunks.json,,,候选1表格2（table_016）：全险种承保利润572；候选3表格1（table_019）：承保利润572；候选4：承保利润由2022年的人民幣236百萬元增加142.4%至2023年的人民幣572百萬元。,2026-08-19,1,待审核
,阳光,2023,2023Q4,F003,保险服务收入,保险服务收入,,百万元,,,中国阳光_2023_Q4_H股_chunks.json,,,,2026-08-19,0,待审核
,阳光,2023,2023Q4,F004,保险服务费用,保险服务费用,44733,百万元,财产保险（阳光财险）,,中国阳光_2023_Q4_H股_chunks.json,,,"候选5表格：保险服务费用 (44,733) 百万元（2023年）",2026-08-19,0.95,待审核
,阳光,2023,2023Q4,F005,投资收益,投资收益,,百万元,,,中国阳光_2023_Q4_H股_chunks.json,,,,2026-08-19,0,待审核
,阳光,2023,2023Q4,F006,综合成本率,综合成本率,98.7,%,财产保险（阳光财险）,,中国阳光_2023_Q4_H股_chunks.json,,,2023年，陽光財險...承保綜合成本率98.7%，同比下降0.7個百分點（候选3正文）；表格中全險種承保綜合成本率98.7%（候选3表格2）,2026-08-19,95,待审核
,阳光,2023,2023Q4,F007,综合赔付率,综合赔付率,65.0,%,财产保险（全险种）,,中国阳光_2023_Q4_H股_chunks.json,,,承保綜合賠付率(2) 65.0%（2023年）,2026-08-19,95,待审核
,阳光,2023,2023Q4,F008,综合费用率,综合费用率,33.7,%,财产保险（全险种）,,中国阳光_2023_Q4_H股_chunks.json,,,表格2：承保綜合費用率(1) 33.7%（2023年）,2026-08-19,0.95,待审核
,阳光,2023,2023Q4,B001,原保险保费收入,原保险保费收入,44240,百万元,财产保险业务,,中国阳光_2023_Q4_H股_chunks.json,,阳光_2023_q4_h_005,原保險保費收入442.4億元，同比增長9.6%,2026-08-19,1,待审核
,阳光,2023,2023Q4,B004,非车非保证险保费,非车非保证险保费,13779,百万元,阳光财险（财产保险业务）,非车险,中国阳光_2023_Q4_H股_chunks.json,,,"候选3：非车险原保险保费收入181.0亿元，其中保证险业务同比减少25.8%；非保证险保费同比增长38.8%。结合候选2分险种表格：非机动车辆险原保险保费收入18,095百万元，保证险4,316百万元。非车非保证险保费 = 非机动车辆险保费 - 保证险保费 = 18,095 - 4,316 = 13,779百万元。",2026-08-19,0.95,待审核
,阳光,2023,2023Q4,B005,农业保险保费,农业保险保费,,百万元,,农业险,中国阳光_2023_Q4_H股_chunks.json,,,,2026-08-19,0,待审核
,阳光,2023,2023Q4,B006,健康险保费,健康险保费,,百万元,,健康险,中国阳光_2023_Q4_H股_chunks.json,,,,2026-08-19,0,待审核
,阳光,2023,2023Q4,R001,核心偿付能力充足率,核心偿付能力充足率,166,%,阳光财险（财产保险业务）,,中国阳光_2023_Q4_H股_chunks.json,,,截至2023年12月31日，陽光財險核心償付能力充足率(%)为166（表格table_028）,2026-08-19,1,待审核
,阳光,2023,2023Q4,R002,综合偿付能力充足率,综合偿付能力充足率,245,%,阳光财险,,中国阳光_2023_Q4_H股_chunks.json,,,候选2表格中'陽光財險'行，'綜合償付能力充足率(%)'列，2023年12月31日数值为245。,2026-08-19,1,待审核
,阳光,2023,2023Q4,A001,总资产,总资产,513686,百万元,集团合并口径,,中国阳光_2023_Q4_H股_chunks.json,,,"(二)主要指標 表格1：總資產 2023年12月31日 513,686（單位：人民幣百萬元）",2026-08-19,0,待审核
,阳光,2023,2023Q4,A002,投资资产,投资资产,,百万元,,,中国阳光_2023_Q4_H股_chunks.json,,,,2026-08-19,0,待审核
,人保,2023,2023Q2,B009,市场份额,市场份额,34.3,%,人保财险（财产保险业务）,,人保_2023_Q2_A股_chunks.json,,,截至2023年6月30日，人保财险在财产保险市场占有率为34.3%（表格2：市场占有率-人保财险 2023年6月30日 34.3）,2026-08-20,95,待审核
,人保,2023,2023Q2,A001,总资产,总资产,,百万元,,,人保_2023_Q2_A股_chunks.json,,,,2026-08-20,0,待审核
,人保,2023,2023Q2,A002,投资资产,投资资产,1379818,百万元,集团,,人保_2023_Q2_A股_chunks.json,,,"表格2 (table_020): 2023年6月30日 投资资产 1,379,818 百万元",2026-08-20,0,待审核
,人保,2023,2023Q2,F001,净利润,净利润,19233,百万元,财险,,人保_2023_Q2_A股_chunks.json,,,"人保_2023_q2_a_034：主要子公司情况表格中，人保财险净利润为19,233百万元。",2026-08-20,1,待审核
,人保,2023,2023Q2,F002,承保利润,承保利润,8105,百万元,财险,,人保_2023_Q2_A股_chunks.json,,,"候选2表格1（table_005）：承保利润 8,105 百万元（2023年1-6月）",2026-08-20,95,待审核
,人保,2023,2023Q2,F003,保险服务收入,保险服务收入,224368,百万元,财险,,人保_2023_Q2_A股_chunks.json,,,"人保_2023_q2_a_004 表格1 (table_005): 保险服务收入 224,368 (2023年1-6月)",2026-08-20,100,待审核
,人保,2023,2023Q2,F004,保险服务费用,保险服务费用,204715,百万元,人保财险（财产保险业务）,,人保_2023_Q2_A股_chunks.json,,,"2023年1-6月保险服务费用为204,715百万元（表格1）；产品线合计保险服务费用为204,715百万元（表格2）。",2026-08-20,1,待审核
,人保,2023,2023Q2,F005,投资收益,投资收益,,百万元,,,人保_2023_Q2_A股_chunks.json,,,,2026-08-20,0,待审核
,人保,2023,2023Q2,F006,综合成本率,综合成本率,96.4,%,财险,,人保_2023_Q2_A股_chunks.json,,,人保财险综合成本率(%) 96.4（表格1，table_001）,2026-08-20,0.95,待审核
,人保,2023,2023Q2,F007,综合赔付率,综合赔付率,,%,,,人保_2023_Q2_A股_chunks.json,,,,2026-08-20,0,待审核
,人保,2023,2023Q2,F008,综合费用率,综合费用率,,%,财险,,人保_2023_Q2_A股_chunks.json,,人保_2023_q2_a_006,受冻灾、风灾、连阴雨等自然灾害影响，农险综合赔付率，同比上升个百分点；综合费用率，同比下降个百分点；综合成本率，同比上升个百分点；承保利润亿元，同比下降。,2026-08-20,0,待审核
,人保,2023,2023Q2,F009,车险综合成本率,车险综合成本率,96.7,%,财险,车险,人保_2023_Q2_A股_chunks.json,,,候选2表格2（table_006）：机动车辆险综合成本率96.7%,2026-08-20,95,待审核
,人保,2023,2023Q2,F010,非车险综合成本率,非车险综合成本率,,%,,非车险,人保_2023_Q2_A股_chunks.json,,,,2026-08-20,0,待审核
,人保,2023,2023Q2,B001,原保险保费收入,原保险保费收入,300930,百万元,财险,,人保_2023_Q2_A股_chunks.json,,,"候选3：人保财险按险种列示的原保险保费收入，2023年1-6月合计为300,930百万元。",2026-08-20,100,待审核
,人保,2023,2023Q2,B002,车险保费收入,车险保费收入,135899,百万元,财险,车险,人保_2023_Q2_A股_chunks.json,,,"人保_2023_q2_a_012 表格1 (table_007): 机动车辆险 2023年1-6月 135,899",2026-08-20,1,待审核
,人保,2023,2023Q2,B003,非车险保费收入,非车险保费收入,165031,百万元,财险,非车险,人保_2023_Q2_A股_chunks.json,,,"候选4中管理层讨论与分析部分：'非车险业务实现原保险保费收入 亿元，同比增长'，结合候选3人保财险按险种分析表格，非车险保费收入=合计-机动车辆险=300,930-135,899=165,031百万元。",2026-08-20,0.85,待审核
,人保,2023,2023Q2,B005,农业保险保费,农业保险保费,44088,百万元,财险,农业险,人保_2023_Q2_A股_chunks.json,,,"人保_2023_q2_a_012：下表列明报告期内人保财险按险种列示的原保险保费收入，表格中农险2023年1-6月金额为44,088百万元。",2026-08-20,1,待审核
,人保,2023,2023Q2,B006,健康险保费,健康险保费,,百万元,,健康险,人保_2023_Q2_A股_chunks.json,,,,2026-08-20,0,待审核
,人保,2023,2023Q2,B010,保费增长率,保费增长率,8.8,%,财险,,人保_2023_Q2_A股_chunks.json,,,"2023年1-6月人保财险原保险保费收入合计300,930百万元，2022年1-6月合计276,671百万元，增长率=(300,930-276,671)/276,671=8.8%",2026-08-20,0.95,待审核
,人保,2023,2023Q2,B011,车险保险服务收入,车险保险服务收入,137907,百万元,财险,车险,人保_2023_Q2_A股_chunks.json,,,"候选1表格2（table_006）中，产品线为'机动车辆险'，2023年1-6月保险服务收入为137,907百万元。",2026-08-20,100,待审核
,人保,2023,2023Q2,B012,非车保险服务收入,非车保险服务收入,86461,百万元,财险,非车险,人保_2023_Q2_A股_chunks.json,,,"根据人保财险2023年半年报产品线经营信息，保险服务收入合计224,368百万元，其中机动车辆险137,907百万元，非车保险服务收入=224,368-137,907=86,461百万元。",2026-08-20,90,待审核
,人保,2023,2023Q2,R001,核心偿付能力充足率,核心偿付能力充足率,,%,,,人保_2023_Q2_A股_chunks.json,,,,2026-08-20,0,待审核
,人保,2023,2023Q2,R002,综合偿付能力充足率,综合偿付能力充足率,,%,,,人保_2023_Q2_A股_chunks.json,,,,2026-08-20,0,待审核
,人保,2023,2023Q2,B013,责任保险保费,责任保险保费,20976,百万元,人保财险（财产保险业务）,,人保_2023_Q2_A股_chunks.json,,,"人保_2023_q2_a_012：按险种分析表格，责任险2023年1-6月原保险保费收入为20,976百万元。",2026-08-20,95,待审核
,人保,2023,2023Q2,B014,意外伤害保险保费,意外伤害保险保费,,百万元,,,人保_2023_Q2_A股_chunks.json,,,,2026-08-20,0,待审核
,人保,2023,2023Q2,B015,企财险保费,企财险保费,10034,百万元,人保财险（财产保险业务）,,人保_2023_Q2_A股_chunks.json,,,"人保财险2023年半年报，按险种分析表格，企业财产险2023年1-6月原保险保费收入为10,034百万元。",2026-08-20,95,待审核
,人保,2023,2023Q2,B007,车险业务占比,车险业务占比,45.16,%,财险,车险,人保_2023_Q2_A股_chunks.json,,,"根据候选3（人保_2023_q2_a_012）表格数据计算：机动车辆险原保险保费收入135,899百万元，总原保险保费收入300,930百万元，车险业务占比=135,899/300,930=45.16%。",2026-08-20,0.95,待审核
,人保,2023,2023Q2,B008,非车险业务占比,非车险业务占比,54.85,%,财险,非车险,人保_2023_Q2_A股_chunks.json,,,"根据候选3中表格数据计算：非车险业务占比 = (总保费 - 机动车辆险保费) / 总保费 = (300,930 - 135,899) / 300,930 = 165,031 / 300,930 ≈ 54.85%",2026-08-20,0.95,待审核
,人保,2023,2023Q2,B004,非车非保证险保费,非车非保证险保费,,百万元,,非车险,人保_2023_Q2_A股_chunks.json,,,,2026-08-20,0,待审核
,平安,2023,2023Q2,F001,净利润,净利润,9285,百万元,财产保险业务（平安产险）,,平安_2023_Q2_A股_chunks.json,,,"财产保险业务利源分析表格：截至6月30日止6个月，2023年净利润9,285（人民币百万元）。",2026-08-20,1,待审核
,平安,2023,2023Q2,F002,承保利润,承保利润,3053,百万元,财险,,平安_2023_Q2_A股_chunks.json,,,"表格2 (table_021): 承保利润 3,053 4,197 (27.3)",2026-08-20,0.95,待审核
,平安,2023,2023Q2,F003,保险服务收入,保险服务收入,155899,百万元,平安产险（财产保险业务）,,平安_2023_Q2_A股_chunks.json,,,"2023年上半年，平安产险实现保险服务收入1,558.99亿元，同比增长7.8%。表格1中显示保险服务收入为155,899（人民币百万元）。",2026-08-20,95,待审核
,平安,2023,2023Q2,F004,保险服务费用,保险服务费用,148330,百万元,平安产险（财产保险业务）,,平安_2023_Q2_A股_chunks.json,,,"表格2 (table_021)：保险服务费用 (148,330) (136,044) 9.0",2026-08-20,1,待审核
,平安,2023,2023Q2,F005,投资收益,投资收益,8044,百万元,财险,,平安_2023_Q2_A股_chunks.json,,,"财产保险业务利源分析表格中，总投资收益(3) 2023年为8,044百万元。注(3)说明：总投资收益包括非银行业务利息收入、投资收益、公允价值变动损益、其他业务收入中的投资性房地产租金收入、投资资产减值损失、卖出回购金融资产款及拆入资金利息支出。",2026-08-20,0.95,待审核
,平安,2023,2023Q2,F006,综合成本率,综合成本率,98.0,%,财险,,平安_2023_Q2_A股_chunks.json,,平安_2023_q2_a_015,2023年上半年，平安产险整体承保综合成本率同比上升0.9个百分点至98.0%,2026-08-20,100,待审核
,平安,2023,2023Q2,F007,综合赔付率,综合赔付率,70.6,%,财险,,平安_2023_Q2_A股_chunks.json,,,财产保险业务关键指标表格：承保综合赔付率(3)(%) 2023年 70.6,2026-08-20,0.95,待审核
,平安,2023,2023Q2,F008,综合费用率,综合费用率,27.4,%,财险,,平安_2023_Q2_A股_chunks.json,,,财产保险业务关键指标表格：承保综合费用率(²)(%) 2023年27.4，2022年26.8。注(2)：承保综合费用率=（获取费用摊销+维持费用）╱保险服务收入。,2026-08-20,95,待审核
,平安,2023,2023Q2,F009,车险综合成本率,车险综合成本率,97.1,%,财险,车险,平安_2023_Q2_A股_chunks.json,,,2023年上半年，平安产险车险业务承保综合成本率97.1%（来源：候选3正文）；表格1中车险承保综合成本率97.1%（来源：候选1表格）。,2026-08-20,100,待审核
,平安,2023,2023Q2,B001,原保险保费收入,原保险保费收入,154136,百万元,财险,,平安_2023_Q2_A股_chunks.json,,,"候选2表格1：截至6月30日止6个月，2023年合计原保险保费收入154,136百万元。",2026-08-20,0.95,待审核
,平安,2023,2023Q2,B002,车险保费收入,车险保费收入,101348,百万元,财险,车险,平安_2023_Q2_A股_chunks.json,,,"候选4：2023年上半年，车险业务原保险保费收入1,013.48亿元。按1亿元=100百万元换算，1,013.48亿元=101,348百万元。",2026-08-20,100,待审核
,平安,2023,2023Q2,B003,非车险保费收入,非车险保费收入,52788,百万元,财险,非车险,平安_2023_Q2_A股_chunks.json,,,"2023年上半年，平安产险非机动车辆保险原保险保费收入40,640百万元，意外与健康险保险原保险保费收入12,148百万元，合计52,788百万元。",2026-08-20,95,待审核
,平安,2023,2023Q2,B005,农业保险保费,农业保险保费,5528,百万元,平安产险（财产保险业务）,农业险,平安_2023_Q2_A股_chunks.json,,,"2023年上半年，平安产险农业保险业务原保险保费收入55.28亿元，同比增长53.1%（候选3）；表格中农业保险原保险保费收入5,528百万元（候选1）。",2026-08-20,95,待审核
,平安,2023,2023Q2,B006,健康险保费,健康险保费,7032,百万元,平安产险（财产保险业务）,健康险,平安_2023_Q2_A股_chunks.json,,,2023年上半年，平安产险健康保险业务原保险保费收入70.32亿元，同比增长57.4%（候选6）。,2026-08-20,95,待审核
,平安,2023,2023Q2,B011,车险保险服务收入,车险保险服务收入,102275,百万元,财险,车险,平安_2023_Q2_A股_chunks.json,,,"2023年上半年，平安产险车险保险服务收入102,275百万元（表格1）。",2026-08-20,95,待审核
,平安,2023,2023Q2,B012,非车保险服务收入,非车保险服务收入,42723,百万元,财险,非车险,平安_2023_Q2_A股_chunks.json,,,"表格1 (table_020)中，保险服务收入项下，非机动车辆保险2023年上半年为42,723百万元。",2026-08-20,0.95,待审核
,平安,2023,2023Q2,R001,核心偿付能力充足率,核心偿付能力充足率,176.6,%,平安产险（财产保险业务）,,平安_2023_Q2_A股_chunks.json,,,截至2023年6月30日，平安产险的核心偿付能力充足率为176.6%（表格中2023年6月30日数据）。,2026-08-20,0.95,待审核
,平安,2023,2023Q2,R002,综合偿付能力充足率,综合偿付能力充足率,217.7,%,平安产险（财产保险业务）,,平安_2023_Q2_A股_chunks.json,,,截至2023年6月30日，平安产险综合偿付能力充足率为217.7%（表格数据）。,2026-08-20,0.95,待审核
,平安,2023,2023Q2,B013,责任保险保费,责任保险保费,14219,百万元,财险,,平安_2023_Q2_A股_chunks.json,,,"2023年上半年，平安产险责任保险业务原保险保费收入142.19亿元，同比增长14.7%（候选3）；表格中责任保险原保险保费收入为14,219百万元（候选2）。",2026-08-20,1,待审核
,平安,2023,2023Q2,B015,企财险保费,企财险保费,5765,百万元,财险,,平安_2023_Q2_A股_chunks.json,,平安_2023_q2_a_020,2023年上半年，平安产险企业财产保险业务原保险保费收入57.65亿元，同比增长18.2%；企业财产保险业务承保综合成本率89.0%，同比优化8.4个百分点，保持优良水平。,2026-08-20,95,待审核
,平安,2023,2023Q2,B016,保证保险保费,保证保险保费,2188,百万元,财险,,平安_2023_Q2_A股_chunks.json,,,2023年上半年，平安产险保证保险业务原保险保费收入21.88亿元，同比下降79.3%；保证保险业务承保综合成本率117.7%，同比上升4.7个百分点。,2026-08-20,95,待审核
,平安,2023,2023Q2,B017,货物运输保险保费,货物运输保险保费,,百万元,,,平安_2023_Q2_A股_chunks.json,,,,2026-08-20,0,待审核
,平安,2023,2023Q2,F010,非车险综合成本率,非车险综合成本率,,%,,非车险,平安_2023_Q2_A股_chunks.json,,,,2026-08-20,0,待审核
,平安,2023,2023Q2,B007,车险业务占比,车险业务占比,65.8,%,财险,车险,平安_2023_Q2_A股_chunks.json,,,"2023年上半年，平安产险车险原保险保费收入101,348百万元，总原保险保费收入154,136百万元，车险业务占比=101,348/154,136=65.8%（表格2）。",2026-08-20,95,待审核
,平安,2023,2023Q2,B008,非车险业务占比,非车险业务占比,34.2,%,财险,非车险,平安_2023_Q2_A股_chunks.json,,,"候选2表格2：2023年上半年平安产险原保险保费收入按险种分析，车险101,348百万元，占比65.8%；非机动车辆保险40,640百万元，占比26.4%；意外与健康险保险12,148百万元，占比7.8%。非车险占比 = 100% - 车险占比65.8% = 34.2%。",2026-08-20,95,待审核
,平安,2023,2023Q2,B004,非车非保证险保费,非车非保证险保费,38392,百万元,财险,非车险,平安_2023_Q2_A股_chunks.json,,,"候选3表格2（table_025）中，2023年上半年非机动车辆保险原保险保费收入为40,640百万元，意外与健康险保险原保险保费收入为12,148百万元，合计为52,788百万元；候选2表格1（table_022）中，保证保险原保险保费收入为2,188百万元。非车非保证险保费=非机动车辆保险+意外与健康险-保证保险=40,640+12,148-2,188=50,600百万元。",2026-08-20,0.85,待审核
,平安,2026,2026Q2,F001,净利润,净利润,8812,百万元,财险,,平安_2026_Q2_A股_chunks.json,,,"财产保险业务利源分析表格中，净利润为8,812（人民币百万元）",2026-08-21,95,已审核
,平安,2026,2026Q2,F002,承保利润,承保利润,8420,百万元,财险,,平安_2026_Q2_A股_chunks.json,,,"财产保险业务利源分析：承保利润8,420百万元（2026年上半年）",2026-08-21,1,已审核
,平安,2026,2026Q2,F003,保险服务收入,保险服务收入,171879,百万元,财产保险业务（平安产险）,,平安_2026_Q2_A股_chunks.json,,,"候选2表格1：截至6月30日止6个月 (人民币百万元)，保险服务收入 171,879（2026年）。候选1表格2亦显示保险服务收入171,879百万元。",2026-08-21,1,已审核
,平安,2026,2026Q2,F004,保险服务费用,保险服务费用,159829,百万元,财险,,平安_2026_Q2_A股_chunks.json,,,"截至6月30日止6个月 (人民币百万元) 2026年 保险服务费用 (159,829)",2026-08-21,1,已审核
,平安,2026,2026Q2,F005,投资收益,投资收益,,百万元,,,平安_2026_Q2_A股_chunks.json,,,,2026-08-21,0,待审核
,平安,2026,2026Q2,F006,综合成本率,综合成本率,95.1,%,财险,,平安_2026_Q2_A股_chunks.json,,,财产保险业务关键指标表格：截至6月30日止6个月，综合成本率(1)(%) 2026年 95.1,2026-08-21,0.95,已审核
,平安,2026,2026Q2,F007,综合赔付率,综合赔付率,70.3,%,财险,,平安_2026_Q2_A股_chunks.json,,,财产保险业务关键指标表格：综合赔付率(3)(%) 2026年 70.3,2026-08-21,95,已审核
,平安,2026,2026Q2,F008,综合费用率,综合费用率,24.8,%,财险,,平安_2026_Q2_A股_chunks.json,,,财产保险业务关键指标表格：截至2026年6月30日止6个月，综合费用率(²)(%)为24.8。,2026-08-21,0.95,已审核
,平安,2026,2026Q2,F009,车险综合成本率,车险综合成本率,94.9,%,平安产险（财产保险业务）- 车险,车险,平安_2026_Q2_A股_chunks.json,,,候选3：车险...综合成本率94.9%，同比优化0.6个百分点。,2026-08-21,1,已审核
,平安,2026,2026Q2,F010,非车险综合成本率,非车险综合成本率,,%,,非车险,平安_2026_Q2_A股_chunks.json,,,,2026-08-21,0,待审核
,平安,2026,2026Q2,B001,原保险保费收入,原保险保费收入,178751,百万元,财产保险业务（平安产险）,,平安_2026_Q2_A股_chunks.json,,,"候选2表格2（table_028）中，2026年上半年财产保险业务按险种分析的原保险保费收入合计为178,751百万元。",2026-08-21,95,已审核
,平安,2026,2026Q2,B002,车险保费收入,车险保费收入,108578,百万元,财险,车险,平安_2026_Q2_A股_chunks.json,,,"候选1表格1（table_022）中，车险原保险保费收入为108,578（人民币百万元）；候选2表格2（table_028）中，车险原保险保费收入为108,578（人民币百万元）。",2026-08-21,1,待审核
,平安,2026,2026Q2,B003,非车险保费收入,非车险保费收入,70173,百万元,财险,非车险,平安_2026_Q2_A股_chunks.json,,,"候选2表格2（table_028）中，2026年上半年平安产险原保险保费收入合计178,751百万元，其中车险108,578百万元。非车险保费收入=合计-车险=178,751-108,578=70,173百万元。",2026-08-21,0.95,待审核
,平安,2026,2026Q2,B005,农业保险保费,农业保险保费,9293,百万元,平安产险（财产保险业务）,农业险,平安_2026_Q2_A股_chunks.json,,,"候选1表格1（table_022）中，农业保险原保险保费收入为9,293（人民币百万元）；候选2表格2（table_028）中，农业保险原保险保费收入为9,293（人民币百万元），占比5.2%。",2026-08-21,100,待审核
,平安,2026,2026Q2,B006,健康险保费,健康险保费,27090,百万元,财产保险业务（平安产险）,健康险,平安_2026_Q2_A股_chunks.json,,,"候选6表格2（table_028）：截至2026年6月30日止6个月，意外伤害及健康保险原保险保费收入为27,090百万元。",2026-08-21,0.95,待审核
,平安,2026,2026Q2,B007,车险业务占比,车险业务占比,60.7,%,财险,车险,平安_2026_Q2_A股_chunks.json,,,"表格2 (table_028): 截至6月30日止6个月 (人民币百万元)，2026年，车险原保险保费收入108,578百万元，占比60.7%",2026-08-21,100,待审核
,平安,2026,2026Q2,B011,车险保险服务收入,车险保险服务收入,114852,百万元,财险,车险,平安_2026_Q2_A股_chunks.json,,,"表格1 (table_022): 截至2026年6月30日止6个月 (人民币百万元)，车险保险服务收入114,852；表格2 (table_023): 保险服务收入其中：车险114,852",2026-08-21,100,已审核
,平安,2026,2026Q2,B012,非车保险服务收入,非车保险服务收入,57027,百万元,平安产险（财产保险业务）,非车险,平安_2026_Q2_A股_chunks.json,,,"表格2 (table_023): 截至6月30日止6个月 (人民币百万元) | 2026年 | 2025年 | 变动(%) | ... | 保险服务收入 | 171,879 | 165,661 | 3.8 | 其中：车险 | 114,852 | 112,466 | 2.1 | 非机动车辆保险 | 57,027 | 53,195 | 7.2",2026-08-21,100,待审核
,平安,2026,2026Q2,R001,核心偿付能力充足率,核心偿付能力充足率,179.3,%,财险,,平安_2026_Q2_A股_chunks.json,,,截至2026年6月30日，平安产险的核心偿付能力充足率、综合偿付能力充足率均高于监管要求。表格中显示：核心偿付能力充足率(%)为179.3（2026年6月30日）。,2026-08-21,95,已审核
,平安,2026,2026Q2,R002,综合偿付能力充足率,综合偿付能力充足率,228.5,%,平安产险（财产保险业务）,,平安_2026_Q2_A股_chunks.json,,,截至2026年6月30日，平安产险的核心偿付能力充足率、综合偿付能力充足率均高于监管要求。表格中综合偿付能力充足率(%)为228.5。,2026-08-21,0.95,已审核
,平安,2026,2026Q2,B013,责任保险保费,责任保险保费,14125,百万元,财险,,平安_2026_Q2_A股_chunks.json,,,"候选1正文：'责任保险 原保险保费收入141.25亿元'；候选1表格1：'责任保险 原保险保费收入 14,125（人民币百万元）'；候选2表格2：'责任保险 14,125（人民币百万元）'",2026-08-21,1,待审核
,平安,2026,2026Q2,B014,意外伤害保险保费,意外伤害保险保费,27090,百万元,平安产险（财产保险业务）,,平安_2026_Q2_A股_chunks.json,,,"候选2表格2（table_028）中，2026年上半年按险种分析的原保险保费收入中，'意外伤害及健康保险'合计为27,090百万元。该指标为意外伤害及健康保险的合并口径，未单独披露意外伤害保险保费。",2026-08-21,0.6,待审核
,平安,2026,2026Q2,B015,企财险保费,企财险保费,5207,百万元,平安产险（财产保险业务）,,平安_2026_Q2_A股_chunks.json,,,"候选1表格1（table_022）中“企业财产保险”行，原保险保费收入为5,207（人民币百万元）；候选2表格2（table_028）中“企业财产保险”行，2026年金额为5,207（人民币百万元）。",2026-08-21,1,待审核
,平安,2026,2026Q2,B008,非车险业务占比,非车险业务占比,39.3,%,平安产险（财产保险业务）,非车险,平安_2026_Q2_A股_chunks.json,,,"候选2表格2（table_028）：2026年上半年车险原保险保费收入108,578百万元，占比60.7%；非车险业务占比=100%-60.7%=39.3%",2026-08-21,0.95,待审核
,平安,2026,2026Q2,B004,非车非保证险保费,非车非保证险保费,70173,百万元,财险,非车险,平安_2026_Q2_A股_chunks.json,,,"根据候选2中表格2（table_028）的2026年分险种原保险保费收入数据计算：非车非保证险保费 = 原保险保费收入合计 - 车险保费 = 178,751 - 108,578 = 70,173百万元。",2026-08-21,0.95,待审核
